-- phpMyAdmin SQL Dump
-- version 5.2.0
-- https://www.phpmyadmin.net/
--
-- Hôte : 127.0.0.1
-- Généré le : lun. 09 déc. 2024 à 01:30
-- Version du serveur : 10.4.25-MariaDB
-- Version de PHP : 8.1.10

SET SQL_MODE = "NO_AUTO_VALUE_ON_ZERO";
START TRANSACTION;
SET time_zone = "+00:00";


/*!40101 SET @OLD_CHARACTER_SET_CLIENT=@@CHARACTER_SET_CLIENT */;
/*!40101 SET @OLD_CHARACTER_SET_RESULTS=@@CHARACTER_SET_RESULTS */;
/*!40101 SET @OLD_COLLATION_CONNECTION=@@COLLATION_CONNECTION */;
/*!40101 SET NAMES utf8mb4 */;

--
-- Base de données : `cartegabon`
--

-- --------------------------------------------------------

--
-- Structure de la table `arrondissements`
--

CREATE TABLE `arrondissements` (
  `id` bigint(20) UNSIGNED NOT NULL,
  `arrondissement` varchar(255) COLLATE utf8mb4_unicode_ci NOT NULL,
  `created_at` timestamp NULL DEFAULT NULL,
  `updated_at` timestamp NULL DEFAULT NULL
) ENGINE=InnoDB DEFAULT CHARSET=utf8mb4 COLLATE=utf8mb4_unicode_ci;

--
-- Déchargement des données de la table `arrondissements`
--

INSERT INTO `arrondissements` (`id`, `arrondissement`, `created_at`, `updated_at`) VALUES
(1, '1er arrondissement', NULL, NULL),
(2, '2eme arrondissement ', NULL, NULL),
(3, '3eme arrondissement', NULL, NULL),
(4, '4eme arrondissement', NULL, NULL),
(5, '5eme arrondissement', NULL, NULL),
(6, '6eme arrondissement', NULL, NULL);

-- --------------------------------------------------------

--
-- Structure de la table `centrevotes`
--

CREATE TABLE `centrevotes` (
  `id` bigint(20) UNSIGNED NOT NULL,
  `centrevote` varchar(255) COLLATE utf8mb4_unicode_ci NOT NULL,
  `siege_id` bigint(20) UNSIGNED NOT NULL,
  `province_id` bigint(20) UNSIGNED NOT NULL,
  `created_at` timestamp NULL DEFAULT NULL,
  `updated_at` timestamp NULL DEFAULT NULL,
  `commoudept_id` bigint(20) UNSIGNED NOT NULL,
  `arrondissement_id` bigint(20) UNSIGNED DEFAULT NULL
) ENGINE=InnoDB DEFAULT CHARSET=utf8mb4 COLLATE=utf8mb4_unicode_ci;

--
-- Déchargement des données de la table `centrevotes`
--

INSERT INTO `centrevotes` (`id`, `centrevote`, `siege_id`, `province_id`, `created_at`, `updated_at`, `commoudept_id`, `arrondissement_id`) VALUES
(1, '1- ECOLE CONVENTIONEE DES CHARBONNAGES', 1, 1, '2024-12-09 00:13:07', '2024-12-09 00:13:07', 1, 1),
(2, '2- ECOLE PUBLIQUE ALIBADENG', 1, 1, '2024-12-09 00:13:07', '2024-12-09 00:13:07', 1, 1),
(3, '3- ECOLE PUBLIQUE AMBOWE', 1, 1, '2024-12-09 00:13:07', '2024-12-09 00:13:07', 1, 1),
(4, '4- ECOLE PUBLIQUE CHARBONNAGES', 1, 1, '2024-12-09 00:13:07', '2024-12-09 00:13:07', 1, 1),
(5, '5-ECOLE PUBLIQUE OKALA', 1, 1, '2024-12-09 00:13:07', '2024-12-09 00:13:07', 1, 1),
(6, '6- ECOLE PUBLIQUE OKALA B', 1, 1, '2024-12-09 00:13:07', '2024-12-09 00:13:07', 1, 1),
(7, '7- LYCEE INDJENDJE GONDJOUT', 1, 1, '2024-12-09 00:13:07', '2024-12-09 00:13:07', 1, 1),
(8, '8- COMPLEXE SCOLAIRE IRIS D’ONDOGO 1', 1, 1, '2024-12-09 00:13:07', '2024-12-09 00:13:07', 1, 1),
(9, 'CES ANGE MBA', 2, 1, '2024-12-09 00:13:07', '2024-12-09 00:13:07', 1, 1),
(10, 'CES PRIVE DE LOUIS', 2, 1, '2024-12-09 00:13:07', '2024-12-09 00:13:07', 1, 1),
(11, 'COLLEGE NOTRE DAME DE QUABEN', 2, 1, '2024-12-09 00:13:07', '2024-12-09 00:13:07', 1, 1),
(12, 'ECOLE CONVENTIONNÉE GROS BOUQUET 1', 2, 1, '2024-12-09 00:13:07', '2024-12-09 00:13:07', 1, 1),
(13, 'ECOLE CONVENTIONNÉE GROS BOUQUET 2', 2, 1, '2024-12-09 00:13:07', '2024-12-09 00:13:07', 1, 1),
(14, 'ECOLE PUBLIQUE BAS GUE-GUE', 2, 1, '2024-12-09 00:13:07', '2024-12-09 00:13:07', 1, 1),
(15, 'ECOLE PUBLIQUE ENS A', 2, 1, '2024-12-09 00:13:07', '2024-12-09 00:13:07', 1, 1),
(16, 'ECOLE PUBLIQUE ENS B', 2, 1, '2024-12-09 00:13:07', '2024-12-09 00:13:07', 1, 1),
(17, 'ECOLE PUB.ENSET A', 2, 1, '2024-12-09 00:13:07', '2024-12-09 00:13:07', 1, 1),
(18, 'ECOLE PUBLIQUE ENSET B', 2, 1, '2024-12-09 00:13:07', '2024-12-09 00:13:07', 1, 1),
(19, 'ECOLE PUBLIQUE BA OUMAR', 2, 1, '2024-12-09 00:13:07', '2024-12-09 00:13:07', 1, 1),
(20, 'ECOLE PUBLIQUE.DE LOUIS', 2, 1, '2024-12-09 00:13:07', '2024-12-09 00:13:07', 1, 1),
(21, 'ECOLE PUBLIQUE GROS BOUQUET 4', 2, 1, '2024-12-09 00:13:07', '2024-12-09 00:13:07', 1, 1),
(22, 'LYCEE LEON MBA', 2, 1, '2024-12-09 00:13:07', '2024-12-09 00:13:07', 1, 1),
(23, 'LYCEE NELSON MANDELA', 2, 1, '2024-12-09 00:13:07', '2024-12-09 00:13:07', 1, 1),
(24, 'COLLEGE PRIVE SAINTE LYDIE', 1, 1, '2024-12-09 00:13:07', '2024-12-09 00:13:07', 1, 2),
(25, 'COLLEGE PRIVE SAINT NICOLAS', 1, 1, '2024-12-09 00:13:07', '2024-12-09 00:13:07', 1, 2),
(26, 'ECOLE PUBLIQUE MARTINE OULABOU A', 1, 1, '2024-12-09 00:13:07', '2024-12-09 00:13:07', 1, 2),
(27, 'ECOLE PUBLIQUE MARTINE OULABOU B', 1, 1, '2024-12-09 00:13:07', '2024-12-09 00:13:07', 1, 2),
(28, 'ECOLE CATHOLIQUE MONTFORT', 1, 1, '2024-12-09 00:13:07', '2024-12-09 00:13:07', 1, 2),
(29, 'ECOLE SAINT JOSEPH 1', 1, 1, '2024-12-09 00:13:07', '2024-12-09 00:13:07', 1, 2),
(30, 'ECOLE SAINTE MARIE', 1, 1, '2024-12-09 00:13:07', '2024-12-09 00:13:07', 1, 2),
(31, 'CENTRE PRESCOLAIRE DOMI', 1, 1, '2024-12-09 00:13:07', '2024-12-09 00:13:07', 1, 2),
(32, 'ECOLE PUBLIQUE CITE MEBIAME', 2, 1, '2024-12-09 00:13:07', '2024-12-09 00:13:07', 1, 2),
(33, 'ECOLE NATIONALE SUPERIEURE SECRETARIAT (IUSSO)', 2, 1, '2024-12-09 00:13:07', '2024-12-09 00:13:07', 1, 2),
(34, 'ECOLE PUBLIQUE SOTEGA', 2, 1, '2024-12-09 00:13:07', '2024-12-09 00:13:07', 1, 2),
(35, 'ECOLE ST MICHEL A', 2, 1, '2024-12-09 00:13:07', '2024-12-09 00:13:07', 1, 2),
(36, 'ECOLE ST MICHEL B', 2, 1, '2024-12-09 00:13:07', '2024-12-09 00:13:07', 1, 2),
(37, 'ENESP (ANCIEN COLLEGE DES RETRAITES)', 2, 1, '2024-12-09 00:13:07', '2024-12-09 00:13:07', 1, 2),
(38, 'JARDIN DIVIN D’AMOUR', 2, 1, '2024-12-09 00:13:07', '2024-12-09 00:13:07', 1, 2),
(39, 'ECOLE PUBLIQUE NZENG AYONG DU LAC', 2, 1, '2024-12-09 00:13:07', '2024-12-09 00:13:07', 1, 2),
(40, 'BASE SOTRAVIL (SOGATRA)', 1, 1, '2024-12-09 00:13:07', '2024-12-09 00:13:07', 1, 3),
(41, 'C.SOCIAL HYACINTHE ANTINI', 1, 1, '2024-12-09 00:13:07', '2024-12-09 00:13:07', 1, 3),
(42, 'CES AKEBE A', 1, 1, '2024-12-09 00:13:07', '2024-12-09 00:13:07', 1, 3),
(43, 'CASE D’ECOUTE CARR. HASSAN', 1, 1, '2024-12-09 00:13:07', '2024-12-09 00:13:07', 1, 3),
(44, 'CENTRE PRESCOLAIRE NOMBAKELE', 1, 1, '2024-12-09 00:13:07', '2024-12-09 00:13:07', 1, 3),
(45, 'CES AKEBE B', 1, 1, '2024-12-09 00:13:07', '2024-12-09 00:13:07', 1, 3),
(46, 'ECOLE PUBLIQUE MONT BOUET II', 1, 1, '2024-12-09 00:13:07', '2024-12-09 00:13:07', 1, 3),
(47, 'ECOLE CATHOLIQUE SAINTE ANNE', 1, 1, '2024-12-09 00:13:07', '2024-12-09 00:13:07', 1, 3),
(48, 'ECOLE MONT BOUET I (SORBONNE)', 1, 1, '2024-12-09 00:13:07', '2024-12-09 00:13:07', 1, 3),
(49, 'ECOLE PILOTE DU CENTRE', 1, 1, '2024-12-09 00:13:07', '2024-12-09 00:13:07', 1, 3),
(50, 'ECOLE PUBLIQUE LA PEYRIE', 1, 1, '2024-12-09 00:13:07', '2024-12-09 00:13:07', 1, 3),
(51, 'ECOLE PUBLIQUE AKEBE I', 1, 1, '2024-12-09 00:13:07', '2024-12-09 00:13:07', 1, 3),
(52, 'ECOLE URBAINE DU CENTRE A', 1, 1, '2024-12-09 00:13:07', '2024-12-09 00:13:07', 1, 3),
(53, 'ECOLE URBAINE DU CENTRE B', 1, 1, '2024-12-09 00:13:07', '2024-12-09 00:13:07', 1, 3),
(54, 'COLLEGE EVOLUTION', 2, 1, '2024-12-09 00:13:07', '2024-12-09 00:13:07', 1, 3),
(55, 'ECOLE PUBLIQUE AKEBE BELLE VUE 1 A', 2, 1, '2024-12-09 00:13:07', '2024-12-09 00:13:07', 1, 3),
(56, 'ECOLE P. AKEBE BELLE VUE 1 B', 2, 1, '2024-12-09 00:13:07', '2024-12-09 00:13:07', 1, 3),
(57, 'ECOLE PUBLIQUE VENEZ VOIR', 2, 1, '2024-12-09 00:13:07', '2024-12-09 00:13:07', 1, 3),
(58, 'LYCEE MABIGNATH (ANCIENNE ECOLE PUBLIQUE AKEBE VILLE OPT)', 2, 1, '2024-12-09 00:13:07', '2024-12-09 00:13:07', 1, 3),
(59, 'ECOLE BELLE VUE II', 2, 1, '2024-12-09 00:13:07', '2024-12-09 00:13:07', 1, 3),
(60, 'ECOLE PUBLIQUE DE KINGUELE', 2, 1, '2024-12-09 00:13:07', '2024-12-09 00:13:07', 1, 3),
(61, 'ECOLE PUBLIQUE PK8-2', 2, 1, '2024-12-09 00:13:07', '2024-12-09 00:13:07', 1, 3),
(62, 'ECOLE PUBLIQUE PK8-1', 2, 1, '2024-12-09 00:13:07', '2024-12-09 00:13:07', 1, 3),
(63, 'JARDIN D’ENFANT CNSS', 2, 1, '2024-12-09 00:13:07', '2024-12-09 00:13:07', 1, 3),
(64, 'CENTRE SOCIAL AKEBE', 1, 1, '2024-12-09 00:13:08', '2024-12-09 00:13:08', 1, 4),
(65, 'CES EVANGELIQUE', 1, 1, '2024-12-09 00:13:08', '2024-12-09 00:13:08', 1, 4),
(66, 'ECOLE PUBLIQUE AKEBE II B', 1, 1, '2024-12-09 00:13:08', '2024-12-09 00:13:08', 1, 4),
(67, 'ECOLE PUBLIQUE AKEBE II A', 1, 1, '2024-12-09 00:13:08', '2024-12-09 00:13:08', 1, 4),
(68, 'ECOLE PUBLIQUE AWENDJE', 1, 1, '2024-12-09 00:13:08', '2024-12-09 00:13:08', 1, 4),
(69, 'COURS AMBOUROUET', 2, 1, '2024-12-09 00:13:08', '2024-12-09 00:13:08', 1, 4),
(70, 'ECOLE NOTRE DAME DES VICTOIRES A', 2, 1, '2024-12-09 00:13:08', '2024-12-09 00:13:08', 1, 4),
(71, 'ECOLE NOTRE DAME DES VICTOIRES B', 2, 1, '2024-12-09 00:13:08', '2024-12-09 00:13:08', 1, 4),
(72, 'ECOLE PUBLIQUE PLAINE NIGER A', 2, 1, '2024-12-09 00:13:08', '2024-12-09 00:13:08', 1, 4),
(73, 'ECOLE BATAVEA', 2, 1, '2024-12-09 00:13:08', '2024-12-09 00:13:08', 1, 4),
(74, 'ECOLE CONSUL.CHAMBRE COMMERCE', 2, 1, '2024-12-09 00:13:08', '2024-12-09 00:13:08', 1, 4),
(75, 'ECOLE PUBLIQUE BATAVEA 1', 2, 1, '2024-12-09 00:13:08', '2024-12-09 00:13:08', 1, 4),
(76, 'C.E.S BATAVEA (ANCIENNE ECOLE PUBLIQUE BATAVEA 2)', 2, 1, '2024-12-09 00:13:08', '2024-12-09 00:13:08', 1, 4),
(77, 'ECOLE PUBLIQUE PLAINE NIGER B', 2, 1, '2024-12-09 00:13:08', '2024-12-09 00:13:08', 1, 4),
(78, 'ECOLE PUBLIQUE DE GLASS', 2, 1, '2024-12-09 00:13:08', '2024-12-09 00:13:08', 1, 4),
(79, 'CES MINDOUMBE II', 1, 1, '2024-12-09 00:13:08', '2024-12-09 00:13:08', 1, 5),
(80, 'ECOLE PUBLIQUE MINDOUMBE I', 1, 1, '2024-12-09 00:13:08', '2024-12-09 00:13:08', 1, 5),
(81, 'ECOLE CITE DAMAS II', 1, 1, '2024-12-09 00:13:08', '2024-12-09 00:13:08', 1, 5),
(82, 'ECOLE DAMAS A', 1, 1, '2024-12-09 00:13:08', '2024-12-09 00:13:08', 1, 5),
(83, 'ECOLE PUBLIQUE BISSEGUE', 1, 1, '2024-12-09 00:13:08', '2024-12-09 00:13:08', 1, 5),
(84, 'ECOLE PUBLIQUE CITE DAMAS 1 7- ECOLE PUBLIQUE DAMAS', 1, 1, '2024-12-09 00:13:08', '2024-12-09 00:13:08', 1, 5),
(85, 'ECOLE PUBLIQUE OZANGUE', 1, 1, '2024-12-09 00:13:08', '2024-12-09 00:13:08', 1, 5),
(86, 'I.A.I.', 1, 1, '2024-12-09 00:13:08', '2024-12-09 00:13:08', 1, 5),
(87, 'MELEN PK11-1 (ECOLE PROTESTANTE)', 1, 1, '2024-12-09 00:13:08', '2024-12-09 00:13:08', 1, 5),
(88, 'MELEN PK11- 2 (ENA)', 1, 1, '2024-12-09 00:13:08', '2024-12-09 00:13:08', 1, 5),
(89, 'MELEN PK11-3 (NZENG-MIANG)', 1, 1, '2024-12-09 00:13:08', '2024-12-09 00:13:08', 1, 5),
(90, 'ECOLE PUBLIQUE D’OZOUNGUE', 2, 1, '2024-12-09 00:13:08', '2024-12-09 00:13:08', 1, 5),
(91, 'INST.NAT. JEUNESSE & SPORTS', 2, 1, '2024-12-09 00:13:08', '2024-12-09 00:13:08', 1, 5),
(92, 'CENTRE PRESCOLAIRE LALALA 1', 2, 1, '2024-12-09 00:13:08', '2024-12-09 00:13:08', 1, 5),
(93, 'ECOLE PUBLIQUE LALALA 1', 2, 1, '2024-12-09 00:13:08', '2024-12-09 00:13:08', 1, 5),
(94, 'ECOLE SAINTE THERESE LALALA', 2, 1, '2024-12-09 00:13:08', '2024-12-09 00:13:08', 1, 5),
(95, 'LYCEE EMANE EYEGHE (LYCEE D’OLOUMI)', 2, 1, '2024-12-09 00:13:08', '2024-12-09 00:13:08', 1, 5),
(96, 'LYCEE MONTALIER', 1, 1, '2024-12-09 00:13:08', '2024-12-09 00:13:08', 1, 6),
(97, 'ECOLE PUBLIQUE BAMBOUCHINE', 1, 1, '2024-12-09 00:13:08', '2024-12-09 00:13:08', 1, 6),
(98, 'LYCEE DE L’AMITIE', 1, 1, '2024-12-09 00:13:08', '2024-12-09 00:13:08', 1, 6),
(99, 'LYCEE DJOUE DABANY', 1, 1, '2024-12-09 00:13:08', '2024-12-09 00:13:08', 1, 6),
(100, 'LYCEE OBIANG ETOUGHE', 1, 1, '2024-12-09 00:13:08', '2024-12-09 00:13:08', 1, 6),
(101, 'OVENG', 1, 1, '2024-12-09 00:13:08', '2024-12-09 00:13:08', 1, 6),
(102, 'AKOUGBE', 1, 1, '2024-12-09 00:13:08', '2024-12-09 00:13:08', 1, 6),
(103, 'VILLAGE ONDOGHE', 1, 1, '2024-12-09 00:13:08', '2024-12-09 00:13:08', 1, 6),
(104, 'COMPLEXE SCO. LA GRACE DIVINE DES OLIVIERS (DERRIERE HOP. MIL)', 1, 1, '2024-12-09 00:13:08', '2024-12-09 00:13:08', 1, 6),
(105, 'COMPLEXE SCOLAIRE LES OLIVIERS VERDOYANTS (PK12)', 1, 1, '2024-12-09 00:13:08', '2024-12-09 00:13:08', 1, 6),
(106, 'ECOLE SEMENCE ROYALE (ONDOGHE 2)', 1, 1, '2024-12-09 00:13:08', '2024-12-09 00:13:08', 1, 6),
(107, 'ECOLE PUBLIQUE DRAGAGES', 2, 1, '2024-12-09 00:13:08', '2024-12-09 00:13:08', 1, 6),
(108, 'ECOLE PUBLIQUE NZENG AYONG 1', 2, 1, '2024-12-09 00:13:08', '2024-12-09 00:13:08', 1, 6),
(109, 'ECOLE PUBLIQUE NZENG AYONG 2', 2, 1, '2024-12-09 00:13:08', '2024-12-09 00:13:08', 1, 6),
(110, 'ECOLE PUBLIQUE NZENG AYONG 3', 2, 1, '2024-12-09 00:13:08', '2024-12-09 00:13:08', 1, 6),
(111, 'ECOLE PUBLIQUE NZENG AYONG (NOUV. CITE)', 2, 1, '2024-12-09 00:13:08', '2024-12-09 00:13:08', 1, 6),
(112, 'ECOLE PUBLIQUE NZENG AYONG 4', 2, 1, '2024-12-09 00:13:08', '2024-12-09 00:13:08', 1, 6),
(113, 'ECOLE PUBLIQUE SIBANG 2', 2, 1, '2024-12-09 00:13:08', '2024-12-09 00:13:08', 1, 6),
(114, 'ECOLE PUBLIQUE SIBANG III', 2, 1, '2024-12-09 00:13:08', '2024-12-09 00:13:08', 1, 6),
(115, 'LYCEE JEAN HILAIRE OBAME', 2, 1, '2024-12-09 00:13:08', '2024-12-09 00:13:08', 1, 6),
(116, 'BOLOKOBOUET', 1, 1, '2024-12-09 00:13:08', '2024-12-09 00:13:08', 2, 1),
(117, 'CAP SANTA CLARA', 1, 1, '2024-12-09 00:13:08', '2024-12-09 00:13:08', 2, 1),
(118, 'ECOLE PUBLIQUE CAP ESTERIAS', 1, 1, '2024-12-09 00:13:08', '2024-12-09 00:13:08', 2, 1),
(119, 'ECOLE NATIONALE DES EAUX FORETS', 1, 1, '2024-12-09 00:13:08', '2024-12-09 00:13:08', 2, 1),
(120, 'ILE MBANIE', 1, 1, '2024-12-09 00:13:08', '2024-12-09 00:13:08', 2, 1),
(121, 'MALIBE I', 1, 1, '2024-12-09 00:13:08', '2024-12-09 00:13:08', 2, 1),
(122, 'MALIBE II', 1, 1, '2024-12-09 00:13:08', '2024-12-09 00:13:08', 2, 1),
(123, 'PREMIER CAMPEMENT', 1, 1, '2024-12-09 00:13:08', '2024-12-09 00:13:08', 2, 1),
(124, 'KOUBOU KOUBOU', 1, 1, '2024-12-09 00:13:08', '2024-12-09 00:13:08', 2, 1),
(125, 'ECOLE PUBLIQUE ANGONDJE', 1, 1, '2024-12-09 00:13:08', '2024-12-09 00:13:08', 2, 2),
(126, 'ANGONDJE NTOM', 1, 1, '2024-12-09 00:13:08', '2024-12-09 00:13:08', 2, 2),
(127, 'CES AVORMBAM', 1, 1, '2024-12-09 00:13:08', '2024-12-09 00:13:08', 2, 2),
(128, 'CES ANGONDJE (Louis BIGMAN)', 1, 1, '2024-12-09 00:13:08', '2024-12-09 00:13:08', 2, 2),
(129, 'ECOLE PUBLIQUE AGOUNGOU', 1, 1, '2024-12-09 00:13:08', '2024-12-09 00:13:08', 3, 1),
(130, 'ECOLE PUBLIQUE AKOURNAM 1', 1, 1, '2024-12-09 00:13:08', '2024-12-09 00:13:08', 3, 1),
(131, 'ECOLE PUBLIQUE ALENAKIRI 1', 1, 1, '2024-12-09 00:13:08', '2024-12-09 00:13:08', 3, 1),
(132, 'ECOLE PUBLIQUE SNI 1', 1, 1, '2024-12-09 00:13:08', '2024-12-09 00:13:08', 3, 1),
(133, 'ECOLE PUBLIQUE SNI 2', 1, 1, '2024-12-09 00:13:08', '2024-12-09 00:13:08', 3, 1),
(134, 'ECOLE PUBLIQUE SETRAG (TRANSGABONAIS)', 1, 1, '2024-12-09 00:13:08', '2024-12-09 00:13:08', 3, 1),
(135, 'LYCEE SCIENTIFIQUE', 1, 1, '2024-12-09 00:13:08', '2024-12-09 00:13:08', 3, 1),
(136, 'LYCEE TECHNIQUE', 1, 1, '2024-12-09 00:13:08', '2024-12-09 00:13:08', 3, 1),
(137, 'UNIVERSITE DES SCIENCES DE LA SANTE', 1, 1, '2024-12-09 00:13:08', '2024-12-09 00:13:08', 3, 1),
(138, 'ECOLE PUBLIQUE AKOURNAM 2', 1, 1, '2024-12-09 00:13:08', '2024-12-09 00:13:08', 3, 2),
(139, 'IGOUMIE SECTEUR 1', 1, 1, '2024-12-09 00:13:08', '2024-12-09 00:13:08', 3, 2),
(140, 'COMPLEXE SCOLAIRE LES CRACKS (AKOURNAM)', 1, 1, '2024-12-09 00:13:08', '2024-12-09 00:13:08', 3, 2),
(141, 'AKONEKI (SCIERIE)', 1, 1, '2024-12-09 00:13:08', '2024-12-09 00:13:08', 4, 1),
(142, 'CIAM ADMINISTRATION', 1, 1, '2024-12-09 00:13:08', '2024-12-09 00:13:08', 4, 1),
(143, 'ECOLE PUBLIQUE FOYER CIMENTERIE', 1, 1, '2024-12-09 00:13:08', '2024-12-09 00:13:08', 4, 1),
(144, 'ECOLE CATHOLIQUE ST THOMAS', 1, 1, '2024-12-09 00:13:08', '2024-12-09 00:13:08', 4, 1),
(145, 'ECOLE PUBLIQUE NTOUM 1', 1, 1, '2024-12-09 00:13:08', '2024-12-09 00:13:08', 4, 1),
(146, 'ECOLE PUBLIQUE NTOUM 6 (DAME OYEM)', 1, 1, '2024-12-09 00:13:08', '2024-12-09 00:13:08', 4, 1),
(147, 'ECOLE PUBLIQUE MATOTO (CIAM EXTENSION)', 1, 1, '2024-12-09 00:13:08', '2024-12-09 00:13:08', 4, 1),
(148, 'LYCEE DE NTOUM (ASSORA)', 1, 1, '2024-12-09 00:13:08', '2024-12-09 00:13:08', 4, 1),
(149, 'MEKONANAM', 1, 1, '2024-12-09 00:13:08', '2024-12-09 00:13:08', 4, 1),
(150, 'MEYANG CHEFFERIE', 1, 1, '2024-12-09 00:13:08', '2024-12-09 00:13:08', 4, 1),
(151, 'ECOLE PUBLIQUE MFOULAYONG', 1, 1, '2024-12-09 00:13:08', '2024-12-09 00:13:08', 4, 1),
(152, 'ECOLE PUBLIQUE NKAN', 1, 1, '2024-12-09 00:13:08', '2024-12-09 00:13:08', 4, 1),
(153, 'ECOLE PUBLIQUE OKOLOSSI', 1, 1, '2024-12-09 00:13:08', '2024-12-09 00:13:08', 4, 1),
(154, 'ECOLE PUB. AYEME PLAINE', 1, 1, '2024-12-09 00:13:08', '2024-12-09 00:13:08', 4, 2),
(155, 'ECOLE CATHOLIQUE ESSASSA NZOGMINTANG', 1, 1, '2024-12-09 00:13:08', '2024-12-09 00:13:08', 4, 2),
(156, 'ECOLE CATHOLIQUE NKOK 1 PK27', 1, 1, '2024-12-09 00:13:08', '2024-12-09 00:13:08', 4, 2),
(157, 'SHM NKOK 1 PK27', 1, 1, '2024-12-09 00:13:08', '2024-12-09 00:13:08', 4, 2),
(158, 'ECOLE PROT. NKOLTANG 1', 1, 1, '2024-12-09 00:13:08', '2024-12-09 00:13:08', 4, 2),
(159, 'ECOLE PROT. NKOLTANG 2', 1, 1, '2024-12-09 00:13:08', '2024-12-09 00:13:08', 4, 2),
(160, 'ECOLE PUBLIQUE DE BIKELE', 1, 1, '2024-12-09 00:13:08', '2024-12-09 00:13:08', 4, 3),
(161, 'BIZANGO BIBERE', 1, 1, '2024-12-09 00:13:08', '2024-12-09 00:13:08', 4, 3),
(162, 'ECOLE PUBLIQUE .J.L.NZE BIYOGHO', 1, 1, '2024-12-09 00:13:08', '2024-12-09 00:13:08', 4, 3),
(163, 'LYCEE MARIE THERESE ESSOLA (PK 13)', 1, 1, '2024-12-09 00:13:08', '2024-12-09 00:13:08', 4, 3),
(164, 'PROJET GOAL', 1, 1, '2024-12-09 00:13:08', '2024-12-09 00:13:08', 4, 3),
(165, 'ECOLE PUBLIQUE AKOK', 1, 1, '2024-12-09 00:13:08', '2024-12-09 00:13:08', 5, NULL),
(166, 'AKOK MISSION CHINOISE', 1, 1, '2024-12-09 00:13:08', '2024-12-09 00:13:08', 5, NULL),
(167, 'DISPENSAIRE ATANGA', 1, 1, '2024-12-09 00:13:08', '2024-12-09 00:13:08', 5, NULL),
(168, 'ECOLE PUBLIQUE AYEME MARITIME', 1, 1, '2024-12-09 00:13:08', '2024-12-09 00:13:08', 5, NULL),
(169, 'ECOLE PUBLIQUE ELONG EKO', 1, 1, '2024-12-09 00:13:08', '2024-12-09 00:13:08', 5, NULL),
(170, 'ECOLE PRIVEE CATHOLIQUE DONGUILA', 1, 1, '2024-12-09 00:13:08', '2024-12-09 00:13:08', 5, NULL),
(171, 'ECOLE PRIVEE CATHOLIQUE MEBBA 1 ET 2', 1, 1, '2024-12-09 00:13:08', '2024-12-09 00:13:08', 5, NULL),
(172, 'ECOLE PUBLIQUE NZOGBOUR', 1, 1, '2024-12-09 00:13:08', '2024-12-09 00:13:08', 5, NULL),
(173, 'ECOLE PUBLIQUE NZAMALIGUE', 1, 1, '2024-12-09 00:13:08', '2024-12-09 00:13:08', 5, NULL),
(174, 'NZOG BOUR', 1, 1, '2024-12-09 00:13:08', '2024-12-09 00:13:08', 5, NULL),
(175, 'NZOULAMEYONG', 1, 1, '2024-12-09 00:13:08', '2024-12-09 00:13:08', 5, NULL),
(176, 'AYENE FALE (NGOUANDJI)', 1, 1, '2024-12-09 00:13:08', '2024-12-09 00:13:08', 6, NULL),
(177, 'ATONDA SIMBA', 1, 1, '2024-12-09 00:13:08', '2024-12-09 00:13:08', 6, NULL),
(178, 'BISSOBINAM', 1, 1, '2024-12-09 00:13:08', '2024-12-09 00:13:08', 6, NULL),
(179, 'CHINCHOUA', 1, 1, '2024-12-09 00:13:08', '2024-12-09 00:13:08', 6, NULL),
(180, 'METECK MAVI', 1, 1, '2024-12-09 00:13:08', '2024-12-09 00:13:08', 6, NULL),
(181, 'MFOULENZEM CENTRE', 1, 1, '2024-12-09 00:13:08', '2024-12-09 00:13:08', 6, NULL),
(182, 'MVAM', 1, 1, '2024-12-09 00:13:08', '2024-12-09 00:13:08', 6, NULL),
(183, 'NDZOMOE', 1, 1, '2024-12-09 00:13:08', '2024-12-09 00:13:08', 6, NULL),
(184, 'NIONYE', 1, 1, '2024-12-09 00:13:08', '2024-12-09 00:13:08', 6, NULL),
(185, 'OBELO', 1, 1, '2024-12-09 00:13:08', '2024-12-09 00:13:08', 6, NULL),
(186, 'OYANE', 1, 1, '2024-12-09 00:13:08', '2024-12-09 00:13:08', 6, NULL),
(187, 'POINTE DENIS', 1, 1, '2024-12-09 00:13:08', '2024-12-09 00:13:08', 6, NULL),
(188, 'AKONAM MVINVI', 1, 1, '2024-12-09 00:13:08', '2024-12-09 00:13:08', 7, NULL),
(189, 'ASSENG FORET', 1, 1, '2024-12-09 00:13:08', '2024-12-09 00:13:08', 7, NULL),
(190, 'ATSINGNANG', 1, 1, '2024-12-09 00:13:08', '2024-12-09 00:13:08', 7, NULL),
(191, 'BELE AKANABOUR', 1, 1, '2024-12-09 00:13:08', '2024-12-09 00:13:08', 7, NULL),
(192, 'ECOLE PUBLIQUE ANDEM 1 ET 2', 1, 1, '2024-12-09 00:13:08', '2024-12-09 00:13:08', 7, NULL),
(193, 'ECOLE PUBLIQUE ASSENG PK60 ET PK 68', 1, 1, '2024-12-09 00:13:08', '2024-12-09 00:13:08', 7, NULL),
(194, 'ECOLE PUBLIQUE KANGO CENTRE 1', 1, 1, '2024-12-09 00:13:08', '2024-12-09 00:13:08', 7, NULL),
(195, 'ECOLE PUBLIQUE KOUGOULEU', 1, 1, '2024-12-09 00:13:08', '2024-12-09 00:13:08', 7, NULL),
(196, 'ECOLE PUBLIQUE MBEL', 1, 1, '2024-12-09 00:13:08', '2024-12-09 00:13:08', 7, NULL),
(197, 'ECOLE PUBLIQUE M’FANG', 1, 1, '2024-12-09 00:13:08', '2024-12-09 00:13:08', 7, NULL),
(198, 'ECOLE PUBLIQUE CATHOLIQUE EVINAYONG', 1, 1, '2024-12-09 00:13:08', '2024-12-09 00:13:08', 7, NULL),
(199, 'ECOLE CATHOLIQUE PRIVEE KANGO', 1, 1, '2024-12-09 00:13:08', '2024-12-09 00:13:08', 7, NULL),
(200, 'ECOLE PROT. D’ANGOME', 1, 1, '2024-12-09 00:13:08', '2024-12-09 00:13:08', 7, NULL),
(201, 'ECOLE PUBLIQUE KANGO II', 1, 1, '2024-12-09 00:13:08', '2024-12-09 00:13:08', 7, NULL),
(202, 'ECOLE PUBLIQUE KAFELE', 1, 1, '2024-12-09 00:13:08', '2024-12-09 00:13:08', 7, NULL),
(203, 'ECOLE PUBLIQUE NIANAME', 1, 1, '2024-12-09 00:13:08', '2024-12-09 00:13:08', 7, NULL),
(204, 'NDOUANIANG I', 1, 1, '2024-12-09 00:13:08', '2024-12-09 00:13:08', 7, NULL),
(205, 'NDOUANIANG II', 1, 1, '2024-12-09 00:13:08', '2024-12-09 00:13:08', 7, NULL),
(206, 'NDZONG I', 1, 1, '2024-12-09 00:13:08', '2024-12-09 00:13:08', 7, NULL),
(207, 'SOGACEL FORET (ABANGA VILLAGE)', 1, 1, '2024-12-09 00:13:08', '2024-12-09 00:13:08', 7, NULL),
(208, 'CHANTIER I-F-K', 2, 1, '2024-12-09 00:13:08', '2024-12-09 00:13:08', 7, NULL),
(209, 'ECOLE PUBLIQUE AYEM BOKOUE', 2, 1, '2024-12-09 00:13:08', '2024-12-09 00:13:08', 7, NULL),
(210, 'ECOLE PUBLIQUE OYAN 4', 2, 1, '2024-12-09 00:13:08', '2024-12-09 00:13:08', 7, NULL),
(211, 'ECOLE PUBLIQUE AGRICOLE', 2, 1, '2024-12-09 00:13:08', '2024-12-09 00:13:08', 7, NULL),
(212, 'ECOLE PUBLIQUE HEVEGAB EKOUK', 2, 1, '2024-12-09 00:13:08', '2024-12-09 00:13:08', 7, NULL),
(213, 'ECOLE PUBLIQUE FOUR PLACE', 2, 1, '2024-12-09 00:13:08', '2024-12-09 00:13:08', 7, NULL),
(214, 'ECOLE PUBLIQUE WOUBELE 1 ET 2', 2, 1, '2024-12-09 00:13:08', '2024-12-09 00:13:08', 7, NULL),
(215, 'ECOLE PUBLIQUE EKOUK CHANTIER', 2, 1, '2024-12-09 00:13:08', '2024-12-09 00:13:08', 7, NULL),
(216, 'EKOUK VILLAGE', 2, 1, '2024-12-09 00:13:08', '2024-12-09 00:13:08', 7, NULL),
(217, 'EKOUK OBENDJI', 2, 1, '2024-12-09 00:13:08', '2024-12-09 00:13:08', 7, NULL),
(218, 'HEVEGAB CHANTIER', 2, 1, '2024-12-09 00:13:08', '2024-12-09 00:13:08', 7, NULL),
(219, 'LASSA (CHEF DE VILLAGE)', 2, 1, '2024-12-09 00:13:08', '2024-12-09 00:13:08', 7, NULL),
(220, 'MAKOULA', 2, 1, '2024-12-09 00:13:08', '2024-12-09 00:13:08', 7, NULL),
(221, 'MOUPOUMA I', 2, 1, '2024-12-09 00:13:08', '2024-12-09 00:13:08', 7, NULL),
(222, 'MOUPOUMA II', 2, 1, '2024-12-09 00:13:08', '2024-12-09 00:13:08', 7, NULL),
(223, 'NSILE', 2, 1, '2024-12-09 00:13:08', '2024-12-09 00:13:08', 7, NULL),
(224, 'NZOGO SOCOBA', 2, 1, '2024-12-09 00:13:08', '2024-12-09 00:13:08', 7, NULL),
(225, 'N’ZOUA METONG L.F.K', 2, 1, '2024-12-09 00:13:08', '2024-12-09 00:13:08', 7, NULL),
(226, 'OYAN 1-2-3 (CHEF REGROUP)', 2, 1, '2024-12-09 00:13:08', '2024-12-09 00:13:08', 7, NULL),
(227, 'OYAN GARE', 2, 1, '2024-12-09 00:13:08', '2024-12-09 00:13:08', 7, NULL),
(228, 'REMBOUE 1&2', 2, 1, '2024-12-09 00:13:08', '2024-12-09 00:13:08', 7, NULL),
(229, 'ROUNGOULA', 2, 1, '2024-12-09 00:13:08', '2024-12-09 00:13:08', 7, NULL),
(230, 'WOUBELE 3 CHEF DE VILLAGE', 2, 1, '2024-12-09 00:13:08', '2024-12-09 00:13:08', 7, NULL),
(231, 'ALEN COMO', 3, 1, '2024-12-09 00:13:08', '2024-12-09 00:13:08', 7, NULL),
(232, 'AYEME AWOULA CHANTIER', 3, 1, '2024-12-09 00:13:08', '2024-12-09 00:13:08', 7, NULL),
(233, 'CHANTIER SEEF (NZAMALIGUE)', 3, 1, '2024-12-09 00:13:08', '2024-12-09 00:13:08', 7, NULL),
(234, 'ECOLE PUBLIQUE AYEM AWOULA', 3, 1, '2024-12-09 00:13:08', '2024-12-09 00:13:08', 7, NULL),
(235, 'ECOLE PRIVEE PROT. MVENG AYOM', 3, 1, '2024-12-09 00:13:08', '2024-12-09 00:13:08', 7, NULL),
(236, 'ECOLE PUBLIQUE ANDOCK FOULA', 3, 1, '2024-12-09 00:13:08', '2024-12-09 00:13:08', 7, NULL),
(237, 'ECOLE PUBLIQUE MELA', 3, 1, '2024-12-09 00:13:08', '2024-12-09 00:13:08', 7, NULL),
(238, 'ENGONG KOUAME', 3, 1, '2024-12-09 00:13:08', '2024-12-09 00:13:08', 7, NULL),
(239, 'MBEL ALENE', 3, 1, '2024-12-09 00:13:08', '2024-12-09 00:13:08', 7, NULL),
(240, 'NZOCK BIZEGNE', 3, 1, '2024-12-09 00:13:08', '2024-12-09 00:13:08', 7, NULL),
(241, 'CENTRE VILLE C.E.S PASCAL NZE', 1, 1, '2024-12-09 00:13:08', '2024-12-09 00:13:08', 8, NULL),
(242, 'ECOLE PUBLIC.DE MANGALA', 1, 1, '2024-12-09 00:13:08', '2024-12-09 00:13:08', 8, NULL),
(243, 'ECOLE PUBLIQUE DU CENTRE', 1, 1, '2024-12-09 00:13:08', '2024-12-09 00:13:08', 8, NULL),
(244, 'MBOGOFALA VOMBIE', 1, 1, '2024-12-09 00:13:08', '2024-12-09 00:13:08', 8, NULL),
(245, 'NIANAM BISSOBINAM', 1, 1, '2024-12-09 00:13:08', '2024-12-09 00:13:08', 8, NULL),
(246, 'ABOUNE', 2, 1, '2024-12-09 00:13:08', '2024-12-09 00:13:08', 8, NULL),
(247, 'BOUTIKA', 2, 1, '2024-12-09 00:13:08', '2024-12-09 00:13:08', 8, NULL),
(248, 'DINDOMBOU', 2, 1, '2024-12-09 00:13:08', '2024-12-09 00:13:08', 8, NULL),
(249, 'EKORODO', 2, 1, '2024-12-09 00:13:08', '2024-12-09 00:13:08', 8, NULL),
(250, 'MESSAYE', 2, 1, '2024-12-09 00:13:08', '2024-12-09 00:13:08', 8, NULL),
(251, 'ABENELANG', 2, 1, '2024-12-09 00:13:08', '2024-12-09 00:13:08', 8, NULL),
(252, 'BISSOBINAM2', 2, 1, '2024-12-09 00:13:08', '2024-12-09 00:13:08', 8, NULL),
(253, 'IBOUNDJI', 2, 1, '2024-12-09 00:13:08', '2024-12-09 00:13:08', 8, NULL),
(254, 'IKAZZA', 2, 1, '2024-12-09 00:13:08', '2024-12-09 00:13:08', 8, NULL),
(255, 'LYBE', 2, 1, '2024-12-09 00:13:08', '2024-12-09 00:13:08', 8, NULL),
(256, 'MBENE', 2, 1, '2024-12-09 00:13:08', '2024-12-09 00:13:08', 8, NULL),
(257, 'MEKAK EMONE', 2, 1, '2024-12-09 00:13:08', '2024-12-09 00:13:08', 8, NULL),
(258, 'MILEMBIE', 2, 1, '2024-12-09 00:13:08', '2024-12-09 00:13:08', 8, NULL),
(259, 'NO AYONG', 2, 1, '2024-12-09 00:13:08', '2024-12-09 00:13:08', 8, NULL),
(260, 'NOUMBO', 2, 1, '2024-12-09 00:13:08', '2024-12-09 00:13:08', 8, NULL),
(261, 'CENTRE SOCIAL BAPILI', 1, 2, '2024-12-09 00:13:08', '2024-12-09 00:13:08', 9, 1),
(262, 'CORNICHE (AV SAVORGNAN)', 1, 2, '2024-12-09 00:13:08', '2024-12-09 00:13:08', 9, 1),
(263, 'JARDIN ENFANT POUBARA', 1, 2, '2024-12-09 00:13:08', '2024-12-09 00:13:08', 9, 1),
(264, 'ECOLE PUBLIQUE NGOUNGOULOU (LEKEI)', 1, 2, '2024-12-09 00:13:08', '2024-12-09 00:13:08', 9, 1),
(265, 'LYCEE MARCEL AMOGHO', 1, 2, '2024-12-09 00:13:08', '2024-12-09 00:13:08', 9, 1),
(266, 'NGOBOUNDA (ST HILAIRE)', 1, 2, '2024-12-09 00:13:08', '2024-12-09 00:13:08', 9, 1),
(267, 'NGOUNGOULOU (MAISON DE FEMME)', 1, 2, '2024-12-09 00:13:08', '2024-12-09 00:13:08', 9, 1),
(268, 'YOKO (ST HILAIRE)', 1, 2, '2024-12-09 00:13:08', '2024-12-09 00:13:08', 9, 1),
(269, 'ECOLE PUBLIQUE DZAMITI (ANGOUMBOU)', 1, 2, '2024-12-09 00:13:08', '2024-12-09 00:13:08', 9, 2),
(270, 'AYASSI', 1, 2, '2024-12-09 00:13:08', '2024-12-09 00:13:08', 9, 2),
(271, 'DIALOGUE', 1, 2, '2024-12-09 00:13:08', '2024-12-09 00:13:08', 9, 2),
(272, 'IAES DJAKA', 1, 2, '2024-12-09 00:13:08', '2024-12-09 00:13:08', 9, 2),
(273, 'EPIMBI', 1, 2, '2024-12-09 00:13:08', '2024-12-09 00:13:08', 9, 2),
(274, 'MONTAGNE SAINTE', 1, 2, '2024-12-09 00:13:08', '2024-12-09 00:13:08', 9, 2),
(275, 'ECOLE PUBLIQUE DZAMITI (MVOUNA)', 1, 2, '2024-12-09 00:13:08', '2024-12-09 00:13:08', 9, 2),
(276, 'ECOLE PUBLIQUE OMBELE (OMBELE)', 1, 2, '2024-12-09 00:13:08', '2024-12-09 00:13:08', 9, 2),
(277, 'ECOLE PUBLIQUE OMBELE (ONDIMBA)', 1, 2, '2024-12-09 00:13:08', '2024-12-09 00:13:08', 9, 2),
(278, 'ECOLE PUBLIQUE OMBELE (ONGALI 1)', 1, 2, '2024-12-09 00:13:08', '2024-12-09 00:13:08', 9, 2),
(279, 'ECOLE PUBLIQUE OMBELE (ONGALI II)', 1, 2, '2024-12-09 00:13:08', '2024-12-09 00:13:08', 9, 2),
(280, 'ONGOUEGNE', 1, 2, '2024-12-09 00:13:08', '2024-12-09 00:13:08', 9, 2),
(281, 'SABLE II', 1, 2, '2024-12-09 00:13:08', '2024-12-09 00:13:08', 9, 2),
(282, 'BAKOU', 1, 2, '2024-12-09 00:13:08', '2024-12-09 00:13:08', 9, 3),
(283, 'CARRIERE', 1, 2, '2024-12-09 00:13:08', '2024-12-09 00:13:08', 9, 3),
(284, 'ECOLE CATHOLIQUE AKOU', 1, 2, '2024-12-09 00:13:08', '2024-12-09 00:13:08', 9, 3),
(285, 'ECOLE CATHOLIQUE AKOU II', 1, 2, '2024-12-09 00:13:08', '2024-12-09 00:13:08', 9, 3),
(286, 'KESSALA', 1, 2, '2024-12-09 00:13:08', '2024-12-09 00:13:08', 9, 3),
(287, 'LEKONI', 1, 2, '2024-12-09 00:13:08', '2024-12-09 00:13:08', 9, 3),
(288, 'MANGOUNGOU', 1, 2, '2024-12-09 00:13:08', '2024-12-09 00:13:08', 9, 3),
(289, 'MATEBELE I', 1, 2, '2024-12-09 00:13:08', '2024-12-09 00:13:08', 9, 3),
(290, 'MATEBELE II', 1, 2, '2024-12-09 00:13:08', '2024-12-09 00:13:08', 9, 3),
(291, 'MENAYE', 1, 2, '2024-12-09 00:13:08', '2024-12-09 00:13:08', 9, 3),
(292, 'MIMBOUMBA', 1, 2, '2024-12-09 00:13:08', '2024-12-09 00:13:08', 9, 3),
(293, 'ONDOUAMA', 1, 2, '2024-12-09 00:13:08', '2024-12-09 00:13:08', 9, 3),
(294, 'PIKAS', 1, 2, '2024-12-09 00:13:08', '2024-12-09 00:13:08', 9, 3),
(295, 'DJOUORI', 1, 2, '2024-12-09 00:13:08', '2024-12-09 00:13:08', 9, 4),
(296, 'MABA', 1, 2, '2024-12-09 00:13:08', '2024-12-09 00:13:08', 9, 4),
(297, 'MABOUKOU 1-2', 1, 2, '2024-12-09 00:13:08', '2024-12-09 00:13:08', 9, 4),
(298, 'MAKANA', 1, 2, '2024-12-09 00:13:08', '2024-12-09 00:13:08', 9, 4),
(299, 'MBAYA', 1, 2, '2024-12-09 00:13:08', '2024-12-09 00:13:08', 9, 4),
(300, 'MINGARA', 1, 2, '2024-12-09 00:13:08', '2024-12-09 00:13:08', 9, 4),
(301, 'YENE I', 1, 2, '2024-12-09 00:13:08', '2024-12-09 00:13:08', 9, 4),
(302, 'YENE II', 1, 2, '2024-12-09 00:13:08', '2024-12-09 00:13:08', 9, 4),
(303, 'BIBASSA', 1, 2, '2024-12-09 00:13:08', '2024-12-09 00:13:08', 10, NULL),
(304, 'BINIOMI', 1, 2, '2024-12-09 00:13:08', '2024-12-09 00:13:08', 10, NULL),
(305, 'EBALA', 1, 2, '2024-12-09 00:13:08', '2024-12-09 00:13:08', 10, NULL),
(306, 'EYOUGA 2 VILLAGE', 1, 2, '2024-12-09 00:13:08', '2024-12-09 00:13:08', 10, NULL),
(307, 'LENGORI VILLAGE', 1, 2, '2024-12-09 00:13:08', '2024-12-09 00:13:08', 10, NULL),
(308, 'LENGORI EVOUGA II', 1, 2, '2024-12-09 00:13:08', '2024-12-09 00:13:08', 10, NULL),
(309, 'MBOUMA-OYALI', 1, 2, '2024-12-09 00:13:08', '2024-12-09 00:13:08', 10, NULL),
(310, 'MENAYE-EPILA', 1, 2, '2024-12-09 00:13:08', '2024-12-09 00:13:08', 10, NULL),
(311, 'NDJOKAYE', 1, 2, '2024-12-09 00:13:08', '2024-12-09 00:13:08', 10, NULL),
(312, 'ONKOUA', 1, 2, '2024-12-09 00:13:08', '2024-12-09 00:13:08', 10, NULL),
(313, 'VILLE BANGOUE', 1, 2, '2024-12-09 00:13:08', '2024-12-09 00:13:08', 10, NULL),
(314, 'YOULOU', 1, 2, '2024-12-09 00:13:08', '2024-12-09 00:13:08', 10, NULL),
(315, 'ANDJOGO', 1, 2, '2024-12-09 00:13:08', '2024-12-09 00:13:08', 10, NULL),
(316, 'LEKOUSSAGA', 1, 2, '2024-12-09 00:13:08', '2024-12-09 00:13:08', 10, NULL),
(317, 'MIKASSA', 1, 2, '2024-12-09 00:13:08', '2024-12-09 00:13:08', 10, NULL),
(318, 'MOKABA', 1, 2, '2024-12-09 00:13:08', '2024-12-09 00:13:08', 10, NULL),
(319, 'MOTOBO I', 1, 2, '2024-12-09 00:13:08', '2024-12-09 00:13:08', 10, NULL),
(320, 'MOTOBO II', 1, 2, '2024-12-09 00:13:08', '2024-12-09 00:13:08', 10, NULL),
(321, 'OBORILEKOUSSA', 1, 2, '2024-12-09 00:13:08', '2024-12-09 00:13:08', 10, NULL),
(322, 'OKOLOVILLE', 1, 2, '2024-12-09 00:13:08', '2024-12-09 00:13:08', 10, NULL),
(323, 'OLOUNGA-OMVOURI', 1, 2, '2024-12-09 00:13:08', '2024-12-09 00:13:08', 10, NULL),
(324, 'SOGADEL SUD', 1, 2, '2024-12-09 00:13:08', '2024-12-09 00:13:08', 10, NULL),
(325, 'VENEZ VOIR', 1, 2, '2024-12-09 00:13:08', '2024-12-09 00:13:08', 10, NULL),
(326, 'BANGUENE BANGUIA', 2, 2, '2024-12-09 00:13:08', '2024-12-09 00:13:08', 10, NULL),
(327, 'BASE AERIENNE 02', 2, 2, '2024-12-09 00:13:08', '2024-12-09 00:13:08', 10, NULL),
(328, 'BITONO', 2, 2, '2024-12-09 00:13:08', '2024-12-09 00:13:08', 10, NULL),
(329, 'DZAKI VILLE', 2, 2, '2024-12-09 00:13:08', '2024-12-09 00:13:08', 10, NULL),
(330, 'LEPAKA', 2, 2, '2024-12-09 00:13:08', '2024-12-09 00:13:08', 10, NULL),
(331, 'MAPOUBA', 2, 2, '2024-12-09 00:13:08', '2024-12-09 00:13:08', 10, NULL),
(332, 'MOUPIA', 2, 2, '2024-12-09 00:13:08', '2024-12-09 00:13:08', 10, NULL),
(333, 'MVENGUE', 2, 2, '2024-12-09 00:13:08', '2024-12-09 00:13:08', 10, NULL),
(334, 'NGANDA', 2, 2, '2024-12-09 00:13:08', '2024-12-09 00:13:08', 10, NULL),
(335, 'POUBARA', 2, 2, '2024-12-09 00:13:08', '2024-12-09 00:13:08', 10, NULL),
(336, 'SUCAF 1', 2, 2, '2024-12-09 00:13:08', '2024-12-09 00:13:08', 10, NULL),
(337, 'SUCAF 2', 2, 2, '2024-12-09 00:13:08', '2024-12-09 00:13:08', 10, NULL),
(338, 'SUCAF 3', 2, 2, '2024-12-09 00:13:08', '2024-12-09 00:13:08', 10, NULL),
(339, 'CES HENRI BASSET', 1, 2, '2024-12-09 00:13:08', '2024-12-09 00:13:08', 11, NULL),
(340, 'ECOLE PROT CENTRE COMMERCIAL', 1, 2, '2024-12-09 00:13:08', '2024-12-09 00:13:08', 11, NULL),
(341, 'CENTREVILLE', 1, 2, '2024-12-09 00:13:08', '2024-12-09 00:13:08', 11, NULL),
(342, 'CITE ADMINITRATIVE (HOTEL DE VILLE) 5- ECOLE CATHOLIQUE CITE AMBIE', 1, 2, '2024-12-09 00:13:08', '2024-12-09 00:13:08', 11, NULL),
(343, 'CITE CADRE (MESS COMUF)', 1, 2, '2024-12-09 00:13:08', '2024-12-09 00:13:08', 11, NULL),
(344, 'ECOLE RENOVATION A', 1, 2, '2024-12-09 00:13:08', '2024-12-09 00:13:08', 11, NULL),
(345, 'ECOLE RENOVATION B', 1, 2, '2024-12-09 00:13:08', '2024-12-09 00:13:08', 11, NULL),
(346, 'MASSANGO 1', 1, 2, '2024-12-09 00:13:08', '2024-12-09 00:13:08', 11, NULL),
(347, 'MASSANGO 2', 1, 2, '2024-12-09 00:13:08', '2024-12-09 00:13:08', 11, NULL),
(348, 'MBOUNGOU BADOUMA', 1, 2, '2024-12-09 00:13:08', '2024-12-09 00:13:08', 11, NULL),
(349, 'MOUNANA VILLAGE', 1, 2, '2024-12-09 00:13:08', '2024-12-09 00:13:08', 11, NULL),
(350, 'NDOUBI', 1, 2, '2024-12-09 00:13:08', '2024-12-09 00:13:08', 11, NULL),
(351, 'NGANGOLO', 1, 2, '2024-12-09 00:13:08', '2024-12-09 00:13:08', 11, NULL),
(352, 'NGUIASSONO', 1, 2, '2024-12-09 00:13:08', '2024-12-09 00:13:08', 11, NULL),
(353, 'OMOI', 1, 2, '2024-12-09 00:13:08', '2024-12-09 00:13:08', 11, NULL),
(354, 'AGAPROV', 1, 2, '2024-12-09 00:13:08', '2024-12-09 00:13:08', 11, NULL),
(355, 'ALLIANCE', 1, 2, '2024-12-09 00:13:08', '2024-12-09 00:13:08', 12, 1),
(356, 'BELLE-VUE 1 ET 2', 1, 2, '2024-12-09 00:13:08', '2024-12-09 00:13:08', 12, 1),
(357, 'CITE OCTRA', 1, 2, '2024-12-09 00:13:08', '2024-12-09 00:13:08', 12, 1),
(358, 'DOUANES', 1, 2, '2024-12-09 00:13:08', '2024-12-09 00:13:08', 12, 1),
(359, 'DOUMAI', 1, 2, '2024-12-09 00:13:08', '2024-12-09 00:13:08', 12, 1),
(360, 'KONDA', 1, 2, '2024-12-09 00:13:08', '2024-12-09 00:13:08', 12, 1),
(361, 'LEMAGNA (MAGNIMA)', 1, 2, '2024-12-09 00:13:08', '2024-12-09 00:13:08', 12, 1),
(362, 'LYCEE TECHNIQUE', 1, 2, '2024-12-09 00:13:08', '2024-12-09 00:13:08', 12, 1),
(363, 'MAGNIMA', 1, 2, '2024-12-09 00:13:08', '2024-12-09 00:13:08', 12, 1),
(364, 'MAYELA', 1, 2, '2024-12-09 00:13:08', '2024-12-09 00:13:08', 12, 1),
(365, 'MIOSSO TELEPHERIQUE 1', 1, 2, '2024-12-09 00:13:08', '2024-12-09 00:13:08', 12, 1),
(366, 'MOANDA PLAINE', 1, 2, '2024-12-09 00:13:08', '2024-12-09 00:13:08', 12, 1),
(367, 'MONTAGNE SAINTE', 1, 2, '2024-12-09 00:13:08', '2024-12-09 00:13:08', 12, 1),
(368, 'MOUKAGNISSI', 1, 2, '2024-12-09 00:13:08', '2024-12-09 00:13:08', 12, 1),
(369, 'MONT MOANDA', 1, 2, '2024-12-09 00:13:08', '2024-12-09 00:13:08', 12, 1),
(370, 'NDJANGATEBE', 1, 2, '2024-12-09 00:13:08', '2024-12-09 00:13:08', 12, 1),
(371, 'QUARTIER COMMERCIAL', 1, 2, '2024-12-09 00:13:08', '2024-12-09 00:13:08', 12, 2),
(372, 'JARDIN ENFANTS COMILOG', 1, 2, '2024-12-09 00:13:08', '2024-12-09 00:13:08', 12, 2),
(373, 'LEKOLO', 1, 2, '2024-12-09 00:13:08', '2024-12-09 00:13:08', 12, 2),
(374, 'LEYIMA', 1, 2, '2024-12-09 00:13:08', '2024-12-09 00:13:08', 12, 2),
(375, 'ECOLE CATHOLIQUE ONKOULA (A et B)', 1, 2, '2024-12-09 00:13:08', '2024-12-09 00:13:08', 12, 2),
(376, 'MONDZEYE', 1, 2, '2024-12-09 00:13:08', '2024-12-09 00:13:08', 12, 2),
(377, 'JARDIN ENFANT LEKOLO 1-2', 1, 2, '2024-12-09 00:13:08', '2024-12-09 00:13:08', 12, 2),
(378, 'MANDJAYE', 1, 2, '2024-12-09 00:13:08', '2024-12-09 00:13:08', 12, 2),
(379, 'MOYABI VILLAGE', 1, 2, '2024-12-09 00:13:08', '2024-12-09 00:13:08', 12, 2),
(380, 'DJOUTOU (MOYABI)', 1, 2, '2024-12-09 00:13:08', '2024-12-09 00:13:08', 12, 2),
(381, 'CHANTIER ROUGIER', 1, 2, '2024-12-09 00:13:08', '2024-12-09 00:13:08', 12, 2),
(382, 'BAKAMBA', 1, 2, '2024-12-09 00:13:08', '2024-12-09 00:13:08', 13, NULL),
(383, 'BAKOUMBA VILLAGE 1', 1, 2, '2024-12-09 00:13:08', '2024-12-09 00:13:08', 13, NULL),
(384, 'BAKOUMBA VILLAGE 2', 1, 2, '2024-12-09 00:13:08', '2024-12-09 00:13:08', 13, NULL),
(385, 'ECOLE PUBLIQUE MOUKONDJOKA', 1, 2, '2024-12-09 00:13:08', '2024-12-09 00:13:08', 13, NULL),
(386, 'ECOLE CATHOLIQUE 1', 1, 2, '2024-12-09 00:13:08', '2024-12-09 00:13:08', 13, NULL),
(387, 'ECOLE CATHOLIQUE 2', 1, 2, '2024-12-09 00:13:08', '2024-12-09 00:13:08', 13, NULL),
(388, 'ECOLE PUBLIQUE CENTRALE 1', 1, 2, '2024-12-09 00:13:08', '2024-12-09 00:13:08', 13, NULL),
(389, 'ECOLE PUBLIQUE CENTRALE 2', 1, 2, '2024-12-09 00:13:08', '2024-12-09 00:13:08', 13, NULL),
(390, 'LEKAMBA', 1, 2, '2024-12-09 00:13:08', '2024-12-09 00:13:08', 13, NULL),
(391, 'LEKOKO VILLAGE', 1, 2, '2024-12-09 00:13:08', '2024-12-09 00:13:08', 13, NULL),
(392, 'LEMANASSA', 1, 2, '2024-12-09 00:13:08', '2024-12-09 00:13:08', 13, NULL),
(393, 'MAMIDI', 1, 2, '2024-12-09 00:13:08', '2024-12-09 00:13:08', 13, NULL),
(394, 'MIPONDI I', 1, 2, '2024-12-09 00:13:08', '2024-12-09 00:13:08', 13, NULL),
(395, 'NGOBI', 1, 2, '2024-12-09 00:13:08', '2024-12-09 00:13:08', 13, NULL),
(396, 'POYA', 1, 2, '2024-12-09 00:13:08', '2024-12-09 00:13:08', 13, NULL),
(397, 'OBEGUE', 1, 2, '2024-12-09 00:13:08', '2024-12-09 00:13:08', 14, NULL),
(398, 'ENTSAGA', 1, 2, '2024-12-09 00:13:08', '2024-12-09 00:13:08', 14, NULL),
(399, 'ECOLE PUBLIQUE KAKOUMBOU', 1, 2, '2024-12-09 00:13:08', '2024-12-09 00:13:08', 14, NULL),
(400, 'ECOLE PUBLIQUE -B NDOUA', 1, 2, '2024-12-09 00:13:08', '2024-12-09 00:13:08', 14, NULL),
(401, 'ECOLE CATHOLIQUE OYABI', 2, 2, '2024-12-09 00:13:08', '2024-12-09 00:13:08', 14, NULL),
(402, 'BOUNOU OBOUO', 2, 2, '2024-12-09 00:13:08', '2024-12-09 00:13:08', 14, NULL),
(403, 'KASSIELE 1 ET 2', 2, 2, '2024-12-09 00:13:08', '2024-12-09 00:13:08', 14, NULL),
(404, 'OBIA', 2, 2, '2024-12-09 00:13:08', '2024-12-09 00:13:08', 14, NULL),
(405, 'OSS’KAMA', 2, 2, '2024-12-09 00:13:08', '2024-12-09 00:13:08', 14, NULL),
(406, 'OKOUYA', 3, 2, '2024-12-09 00:13:08', '2024-12-09 00:13:08', 14, NULL),
(407, 'OTOU', 3, 2, '2024-12-09 00:13:08', '2024-12-09 00:13:08', 14, NULL),
(408, 'ONGUIA', 3, 2, '2024-12-09 00:13:08', '2024-12-09 00:13:08', 14, NULL),
(409, 'OTALA', 3, 2, '2024-12-09 00:13:08', '2024-12-09 00:13:08', 14, NULL),
(410, 'ABOUYI', 1, 2, '2024-12-09 00:13:08', '2024-12-09 00:13:08', 15, NULL),
(411, 'ADMINISTRATIF', 1, 2, '2024-12-09 00:13:08', '2024-12-09 00:13:08', 15, NULL),
(412, 'AKOU', 1, 2, '2024-12-09 00:13:08', '2024-12-09 00:13:08', 15, NULL),
(413, 'CHIC', 1, 2, '2024-12-09 00:13:08', '2024-12-09 00:13:08', 15, NULL),
(414, 'DJOUANI', 1, 2, '2024-12-09 00:13:08', '2024-12-09 00:13:08', 15, NULL),
(415, 'EKOUYI MBOUMA', 1, 2, '2024-12-09 00:13:08', '2024-12-09 00:13:08', 15, NULL),
(416, 'KABALA', 1, 2, '2024-12-09 00:13:08', '2024-12-09 00:13:08', 15, NULL),
(417, 'KEBIRI', 1, 2, '2024-12-09 00:13:08', '2024-12-09 00:13:08', 15, NULL),
(418, 'KESSALA', 1, 2, '2024-12-09 00:13:08', '2024-12-09 00:13:08', 15, NULL),
(419, 'LEWOU', 1, 2, '2024-12-09 00:13:08', '2024-12-09 00:13:08', 15, NULL),
(420, 'MBAMA LEKONI VILLAGE', 1, 2, '2024-12-09 00:13:08', '2024-12-09 00:13:08', 15, NULL),
(421, 'OKORIVILLE', 1, 2, '2024-12-09 00:13:08', '2024-12-09 00:13:08', 15, NULL),
(422, 'OSSELE', 1, 2, '2024-12-09 00:13:08', '2024-12-09 00:13:08', 15, NULL),
(423, 'SAMBA', 1, 2, '2024-12-09 00:13:08', '2024-12-09 00:13:08', 15, NULL),
(424, 'SAYE', 1, 2, '2024-12-09 00:13:08', '2024-12-09 00:13:08', 15, NULL),
(425, 'ABILA', 2, 2, '2024-12-09 00:13:08', '2024-12-09 00:13:08', 15, NULL),
(426, 'EDJOUANGOULOU', 2, 2, '2024-12-09 00:13:08', '2024-12-09 00:13:08', 15, NULL),
(427, 'ODJOUMA', 2, 2, '2024-12-09 00:13:08', '2024-12-09 00:13:08', 15, NULL),
(428, 'OSSOUELE', 2, 2, '2024-12-09 00:13:08', '2024-12-09 00:13:08', 15, NULL),
(429, 'YIA A', 2, 2, '2024-12-09 00:13:08', '2024-12-09 00:13:08', 15, NULL),
(430, 'YIA B', 2, 2, '2024-12-09 00:13:08', '2024-12-09 00:13:08', 15, NULL),
(431, 'ATSIA', 1, 2, '2024-12-09 00:13:08', '2024-12-09 00:13:08', 16, NULL),
(432, 'ECOLE OBELI OSSINGA', 1, 2, '2024-12-09 00:13:08', '2024-12-09 00:13:08', 16, NULL),
(433, 'ENGOUMOU', 1, 2, '2024-12-09 00:13:08', '2024-12-09 00:13:08', 16, NULL),
(434, 'MANGOU', 1, 2, '2024-12-09 00:13:08', '2024-12-09 00:13:08', 16, NULL),
(435, 'MISSION CATHOLIQUE', 1, 2, '2024-12-09 00:13:08', '2024-12-09 00:13:08', 16, NULL),
(436, 'MPOUNGOU', 1, 2, '2024-12-09 00:13:08', '2024-12-09 00:13:08', 16, NULL),
(437, 'OLONGO', 1, 2, '2024-12-09 00:13:08', '2024-12-09 00:13:08', 16, NULL),
(438, 'SEBE', 1, 2, '2024-12-09 00:13:08', '2024-12-09 00:13:08', 16, NULL),
(439, 'MAKATAMANGOYE 1', 2, 2, '2024-12-09 00:13:08', '2024-12-09 00:13:08', 16, NULL),
(440, 'MAKATAMANGOYE 2', 2, 2, '2024-12-09 00:13:08', '2024-12-09 00:13:08', 16, NULL),
(441, 'MINA', 2, 2, '2024-12-09 00:13:08', '2024-12-09 00:13:08', 16, NULL),
(442, 'NDJOUNOU', 2, 2, '2024-12-09 00:13:08', '2024-12-09 00:13:08', 16, NULL),
(443, 'NGOMA', 2, 2, '2024-12-09 00:13:08', '2024-12-09 00:13:08', 16, NULL),
(444, 'ODJALA', 2, 2, '2024-12-09 00:13:08', '2024-12-09 00:13:08', 16, NULL),
(445, 'ONDILI', 2, 2, '2024-12-09 00:13:08', '2024-12-09 00:13:08', 16, NULL),
(446, 'TEBE', 2, 2, '2024-12-09 00:13:08', '2024-12-09 00:13:08', 16, NULL),
(447, 'ECOLE PUBLIQUE OPONGOU ABOLO I', 2, 2, '2024-12-09 00:13:08', '2024-12-09 00:13:08', 16, NULL),
(448, 'ECOLE PUBLIQUE LEKORI', 2, 2, '2024-12-09 00:13:08', '2024-12-09 00:13:08', 16, NULL),
(449, 'ALANGA', 2, 2, '2024-12-09 00:13:08', '2024-12-09 00:13:08', 16, NULL),
(450, 'LEBALADOUMA', 2, 2, '2024-12-09 00:13:08', '2024-12-09 00:13:08', 16, NULL),
(451, 'AMBINDA', 3, 2, '2024-12-09 00:13:08', '2024-12-09 00:13:08', 16, NULL),
(452, 'AYANABO', 3, 2, '2024-12-09 00:13:08', '2024-12-09 00:13:08', 16, NULL),
(453, 'BOUALA-BOUMA', 3, 2, '2024-12-09 00:13:08', '2024-12-09 00:13:08', 16, NULL),
(454, 'LELAMA C-E-B', 3, 2, '2024-12-09 00:13:08', '2024-12-09 00:13:08', 16, NULL),
(455, 'MBABIRI', 3, 2, '2024-12-09 00:13:08', '2024-12-09 00:13:08', 16, NULL),
(456, 'MBOUNGA', 3, 2, '2024-12-09 00:13:08', '2024-12-09 00:13:08', 16, NULL),
(457, 'MOYOL', 3, 2, '2024-12-09 00:13:08', '2024-12-09 00:13:08', 16, NULL),
(458, 'OKILA', 3, 2, '2024-12-09 00:13:08', '2024-12-09 00:13:08', 16, NULL),
(459, 'OLOUNGA II', 3, 2, '2024-12-09 00:13:08', '2024-12-09 00:13:08', 16, NULL),
(460, 'ONDJEYE', 3, 2, '2024-12-09 00:13:08', '2024-12-09 00:13:08', 16, NULL),
(461, 'ONGUILA', 3, 2, '2024-12-09 00:13:08', '2024-12-09 00:13:08', 16, NULL),
(462, 'OSSELE OTALA', 3, 2, '2024-12-09 00:13:08', '2024-12-09 00:13:08', 16, NULL),
(463, 'OSSINGA II', 3, 2, '2024-12-09 00:13:08', '2024-12-09 00:13:08', 16, NULL),
(464, 'OTOUNDOU', 3, 2, '2024-12-09 00:13:08', '2024-12-09 00:13:08', 16, NULL),
(465, 'BOUBOU', 1, 2, '2024-12-09 00:13:08', '2024-12-09 00:13:08', 17, NULL),
(466, 'CES BONGOVILLE', 1, 2, '2024-12-09 00:13:08', '2024-12-09 00:13:08', 17, NULL),
(467, 'ECOLE PUBLIQUE', 1, 2, '2024-12-09 00:13:08', '2024-12-09 00:13:08', 17, NULL),
(468, 'EKALA 1', 1, 2, '2024-12-09 00:13:08', '2024-12-09 00:13:08', 17, NULL),
(469, 'KABAGA BAYI', 1, 2, '2024-12-09 00:13:08', '2024-12-09 00:13:08', 17, NULL),
(470, 'KELE', 1, 2, '2024-12-09 00:13:08', '2024-12-09 00:13:08', 17, NULL),
(471, 'KEWAGA', 1, 2, '2024-12-09 00:13:08', '2024-12-09 00:13:08', 17, NULL),
(472, 'SOUBA 1', 1, 2, '2024-12-09 00:13:08', '2024-12-09 00:13:08', 17, NULL),
(473, 'ALLIGA', 1, 2, '2024-12-09 00:13:08', '2024-12-09 00:13:08', 18, NULL),
(474, 'AYOGO', 1, 2, '2024-12-09 00:13:08', '2024-12-09 00:13:08', 18, NULL),
(475, 'ECOLE PUBLIQUE D’ONGA', 1, 2, '2024-12-09 00:13:08', '2024-12-09 00:13:08', 18, NULL),
(476, 'MBOUYI', 1, 2, '2024-12-09 00:13:08', '2024-12-09 00:13:08', 18, NULL),
(477, 'OLOUA', 1, 2, '2024-12-09 00:13:08', '2024-12-09 00:13:08', 18, NULL),
(478, 'OSSIELE', 1, 2, '2024-12-09 00:13:08', '2024-12-09 00:13:08', 18, NULL),
(479, 'ALELE II', 1, 2, '2024-12-09 00:13:08', '2024-12-09 00:13:08', 19, NULL),
(480, 'ANKOUSSOU', 1, 2, '2024-12-09 00:13:08', '2024-12-09 00:13:08', 19, NULL),
(481, 'ASSIAMI', 1, 2, '2024-12-09 00:13:08', '2024-12-09 00:13:08', 19, NULL),
(482, 'EGOUMOUNA', 1, 2, '2024-12-09 00:13:08', '2024-12-09 00:13:08', 19, NULL),
(483, 'EKOUMA', 1, 2, '2024-12-09 00:13:08', '2024-12-09 00:13:08', 19, NULL),
(484, 'EKOUMA', 1, 2, '2024-12-09 00:13:08', '2024-12-09 00:13:08', 19, NULL),
(485, 'EYOUGA', 1, 2, '2024-12-09 00:13:08', '2024-12-09 00:13:08', 19, NULL),
(486, 'NDJIEGUE', 1, 2, '2024-12-09 00:13:08', '2024-12-09 00:13:08', 19, NULL),
(487, 'OKANGOVILLE', 1, 2, '2024-12-09 00:13:08', '2024-12-09 00:13:08', 19, NULL),
(488, 'OKOUMBI', 1, 2, '2024-12-09 00:13:08', '2024-12-09 00:13:08', 19, NULL),
(489, 'OMOYE', 1, 2, '2024-12-09 00:13:08', '2024-12-09 00:13:08', 19, NULL),
(490, 'ONDILI', 1, 2, '2024-12-09 00:13:08', '2024-12-09 00:13:08', 19, NULL),
(491, 'OTOGHO', 1, 2, '2024-12-09 00:13:08', '2024-12-09 00:13:08', 19, NULL),
(492, 'OYOU', 1, 2, '2024-12-09 00:13:08', '2024-12-09 00:13:08', 19, NULL),
(493, 'DOUMAYE', 1, 2, '2024-12-09 00:13:08', '2024-12-09 00:13:08', 20, NULL),
(494, 'ECOLE PUBLIQUE', 1, 2, '2024-12-09 00:13:08', '2024-12-09 00:13:08', 20, NULL),
(495, 'LENDENDOUNGOU', 1, 2, '2024-12-09 00:13:08', '2024-12-09 00:13:08', 20, NULL),
(496, 'MBOUA', 1, 2, '2024-12-09 00:13:08', '2024-12-09 00:13:08', 20, NULL),
(497, 'MOUGOUANGO', 1, 2, '2024-12-09 00:13:08', '2024-12-09 00:13:08', 20, NULL),
(498, 'ECOLE SIEAB', 1, 2, '2024-12-09 00:13:08', '2024-12-09 00:13:08', 20, NULL),
(499, 'ABOUMI EDOUGA', 1, 2, '2024-12-09 00:13:08', '2024-12-09 00:13:08', 21, NULL),
(500, 'NGAMI LEKIMA', 1, 2, '2024-12-09 00:13:08', '2024-12-09 00:13:08', 21, NULL),
(501, 'OBOLI', 1, 2, '2024-12-09 00:13:08', '2024-12-09 00:13:08', 21, NULL),
(502, 'ONTOGHO', 1, 2, '2024-12-09 00:13:08', '2024-12-09 00:13:08', 21, NULL),
(503, 'YOUMA 2', 1, 2, '2024-12-09 00:13:08', '2024-12-09 00:13:08', 21, NULL),
(504, 'ABONGO', 1, 3, '2024-12-09 00:13:08', '2024-12-09 00:13:08', 22, 1),
(505, 'ADIWA SAINT FRANCOIS', 1, 3, '2024-12-09 00:13:08', '2024-12-09 00:13:08', 22, 1),
(506, 'ECOLE AVENIR B ATONGOWANGA', 1, 3, '2024-12-09 00:13:08', '2024-12-09 00:13:08', 22, 1),
(507, 'ECOLE AVENIR DAKAR', 1, 3, '2024-12-09 00:13:08', '2024-12-09 00:13:08', 22, 1),
(508, 'ECOLE PUBLIQUE LALALA (CENTRE VILLE)', 1, 3, '2024-12-09 00:13:08', '2024-12-09 00:13:08', 22, 1),
(509, 'ECOLE PUBLIQUE ADOUMA', 1, 3, '2024-12-09 00:13:08', '2024-12-09 00:13:08', 22, 1),
(510, 'ECOLE GRAND VILLAGE 1', 1, 3, '2024-12-09 00:13:08', '2024-12-09 00:13:08', 22, 1),
(511, 'ECOLE GRAND VILLAGE 2', 1, 3, '2024-12-09 00:13:08', '2024-12-09 00:13:08', 22, 1),
(512, 'ECOLE MOUSSAMOUKOUGOU', 1, 3, '2024-12-09 00:13:08', '2024-12-09 00:13:08', 22, 1),
(513, 'FOYER PROTESTANT', 1, 3, '2024-12-09 00:13:08', '2024-12-09 00:13:08', 22, 1),
(514, 'LYCEE CHARLES MEFANE', 1, 3, '2024-12-09 00:13:08', '2024-12-09 00:13:08', 22, 1),
(515, 'POINT V', 1, 3, '2024-12-09 00:13:08', '2024-12-09 00:13:08', 22, 1),
(516, 'VILLAGE LUMIERE', 1, 3, '2024-12-09 00:13:08', '2024-12-09 00:13:08', 22, 1),
(517, 'ECOLE CATHOLIQUE ISAAC ANIOUZOUMA', 1, 3, '2024-12-09 00:13:08', '2024-12-09 00:13:08', 22, 2),
(518, 'ECOLE ISAAC A', 1, 3, '2024-12-09 00:13:08', '2024-12-09 00:13:08', 22, 2),
(519, 'ECOLE JACQUELINE RAWIRI', 1, 3, '2024-12-09 00:13:08', '2024-12-09 00:13:08', 22, 2),
(520, 'ECOLE ATSIE', 1, 3, '2024-12-09 00:13:08', '2024-12-09 00:13:08', 22, 2),
(521, 'ECOLE PUBLIQUE MAGNANG', 1, 3, '2024-12-09 00:13:08', '2024-12-09 00:13:08', 22, 2),
(522, 'ECOLE ISAAC B', 1, 3, '2024-12-09 00:13:08', '2024-12-09 00:13:08', 22, 2),
(523, 'MALEBE', 1, 3, '2024-12-09 00:13:08', '2024-12-09 00:13:08', 22, 2),
(524, 'MBILANDZAMBI', 1, 3, '2024-12-09 00:13:08', '2024-12-09 00:13:08', 22, 2),
(525, 'PETIT PARIS', 1, 3, '2024-12-09 00:13:08', '2024-12-09 00:13:08', 22, 2),
(526, 'PETIT PARIS 2 (AVIATION)', 1, 3, '2024-12-09 00:13:08', '2024-12-09 00:13:08', 22, 2),
(527, 'QUARTIER CARRIERE', 1, 3, '2024-12-09 00:13:08', '2024-12-09 00:13:08', 22, 2),
(528, 'ECOLE PUBLIQUE ADANHE', 1, 3, '2024-12-09 00:13:08', '2024-12-09 00:13:08', 23, NULL),
(529, 'ADOLE MANDJI', 1, 3, '2024-12-09 00:13:08', '2024-12-09 00:13:08', 23, NULL),
(530, 'DAKAR GOME', 1, 3, '2024-12-09 00:13:08', '2024-12-09 00:13:08', 23, NULL),
(531, 'ECOLE PUBLIQUE BENGUIE 1-2-3', 1, 3, '2024-12-09 00:13:08', '2024-12-09 00:13:08', 23, NULL),
(532, 'ECOLE PUBLIQUE BENGUIE 4', 1, 3, '2024-12-09 00:13:08', '2024-12-09 00:13:08', 23, NULL),
(533, 'ECOLE PUBLIQUE PARIS BIFOUN 1 ET 2', 1, 3, '2024-12-09 00:13:08', '2024-12-09 00:13:08', 23, NULL),
(534, 'ELONG EKO (AREVOMA II)', 1, 3, '2024-12-09 00:13:08', '2024-12-09 00:13:08', 23, NULL),
(535, 'KOUNGOULE', 1, 3, '2024-12-09 00:13:08', '2024-12-09 00:13:08', 23, NULL),
(536, 'LOGUET', 1, 3, '2024-12-09 00:13:08', '2024-12-09 00:13:08', 23, NULL),
(537, 'MEDANG NKOGHE', 1, 3, '2024-12-09 00:13:08', '2024-12-09 00:13:08', 23, NULL),
(538, 'MITONET (MIMONGO)', 1, 3, '2024-12-09 00:13:08', '2024-12-09 00:13:08', 23, NULL),
(539, 'NKOGHE MBOUN', 1, 3, '2024-12-09 00:13:08', '2024-12-09 00:13:08', 23, NULL),
(540, 'ECOLE CATH NZOGHE BANG', 1, 3, '2024-12-09 00:13:08', '2024-12-09 00:13:08', 23, NULL),
(541, 'VILLAGE GRAVIER', 1, 3, '2024-12-09 00:13:08', '2024-12-09 00:13:08', 23, NULL),
(542, 'WELIGA I', 1, 3, '2024-12-09 00:13:08', '2024-12-09 00:13:08', 23, NULL),
(543, 'WELIGA II', 1, 3, '2024-12-09 00:13:08', '2024-12-09 00:13:08', 23, NULL),
(544, 'YANEBOUR', 1, 3, '2024-12-09 00:13:08', '2024-12-09 00:13:08', 23, NULL),
(545, 'AKOUM LAM', 2, 3, '2024-12-09 00:13:08', '2024-12-09 00:13:08', 23, NULL),
(546, 'ALLONHA 1', 2, 3, '2024-12-09 00:13:08', '2024-12-09 00:13:08', 23, NULL),
(547, 'ALLONHA 3', 2, 3, '2024-12-09 00:13:08', '2024-12-09 00:13:08', 23, NULL),
(548, 'CHANTIER CHARBONNIER', 2, 3, '2024-12-09 00:13:08', '2024-12-09 00:13:08', 23, NULL),
(549, 'ISSANGUI', 2, 3, '2024-12-09 00:13:08', '2024-12-09 00:13:08', 23, NULL),
(550, 'MWAM-NZA-MANE I', 2, 3, '2024-12-09 00:13:08', '2024-12-09 00:13:08', 23, NULL),
(551, 'NDAMA (LEBOUSSOU)', 2, 3, '2024-12-09 00:13:08', '2024-12-09 00:13:08', 23, NULL),
(552, 'NENGUENTOGOLO', 2, 3, '2024-12-09 00:13:08', '2024-12-09 00:13:08', 23, NULL),
(553, 'N’LONG', 2, 3, '2024-12-09 00:13:08', '2024-12-09 00:13:08', 23, NULL),
(554, 'NOMBEDOUMA', 2, 3, '2024-12-09 00:13:08', '2024-12-09 00:13:08', 23, NULL),
(555, 'NTAMBE', 2, 3, '2024-12-09 00:13:08', '2024-12-09 00:13:08', 23, NULL),
(556, 'NTCHOUA', 2, 3, '2024-12-09 00:13:08', '2024-12-09 00:13:08', 23, NULL),
(557, 'NZAMAKESSILE', 2, 3, '2024-12-09 00:13:08', '2024-12-09 00:13:08', 23, NULL),
(558, 'NZAMATA', 2, 3, '2024-12-09 00:13:08', '2024-12-09 00:13:08', 23, NULL),
(559, 'NZOUGHE (NKANGUE II)', 2, 3, '2024-12-09 00:13:08', '2024-12-09 00:13:08', 23, NULL),
(560, 'ODIMBA', 2, 3, '2024-12-09 00:13:08', '2024-12-09 00:13:08', 23, NULL),
(561, 'OGUEWA NZAMATA', 2, 3, '2024-12-09 00:13:08', '2024-12-09 00:13:08', 23, NULL),
(562, 'POINTE NOIRE', 2, 3, '2024-12-09 00:13:08', '2024-12-09 00:13:08', 23, NULL),
(563, 'RENDOUGOU', 2, 3, '2024-12-09 00:13:08', '2024-12-09 00:13:08', 23, NULL),
(564, 'SAINT LOUIS', 2, 3, '2024-12-09 00:13:08', '2024-12-09 00:13:08', 23, NULL),
(565, 'VILLAGE NGUIABETA', 2, 3, '2024-12-09 00:13:08', '2024-12-09 00:13:08', 23, NULL),
(566, 'ASCHOUKA', 3, 3, '2024-12-09 00:13:08', '2024-12-09 00:13:08', 23, NULL),
(567, 'IGUENDJA', 3, 3, '2024-12-09 00:13:08', '2024-12-09 00:13:08', 23, NULL),
(568, 'MANOGONI (AMBYA)', 3, 3, '2024-12-09 00:13:08', '2024-12-09 00:13:08', 23, NULL),
(569, 'NGOMO 1 ET 2', 3, 3, '2024-12-09 00:13:08', '2024-12-09 00:13:08', 23, NULL),
(570, 'NTYATANGA I', 3, 3, '2024-12-09 00:13:08', '2024-12-09 00:13:08', 23, NULL),
(571, 'OMPOMONA', 3, 3, '2024-12-09 00:13:08', '2024-12-09 00:13:08', 23, NULL),
(572, 'POINTE ELYSE', 3, 3, '2024-12-09 00:13:08', '2024-12-09 00:13:08', 23, NULL),
(573, 'AGROGABON MAKOUKE A', 4, 3, '2024-12-09 00:13:08', '2024-12-09 00:13:08', 23, NULL),
(574, 'AGROGABON MAKOUKE B', 4, 3, '2024-12-09 00:13:08', '2024-12-09 00:13:08', 23, NULL),
(575, 'AGROGABON MAKOUKE C (HUILERIE)', 4, 3, '2024-12-09 00:13:08', '2024-12-09 00:13:08', 23, NULL),
(576, 'AGROGABON NGOUNIE (NZAMATA)', 4, 3, '2024-12-09 00:13:08', '2024-12-09 00:13:08', 23, NULL),
(577, 'AMANENGONE', 4, 3, '2024-12-09 00:13:08', '2024-12-09 00:13:08', 23, NULL),
(578, 'BELLE VUE I', 4, 3, '2024-12-09 00:13:08', '2024-12-09 00:13:08', 23, NULL),
(579, 'BINDO CHANTIER', 4, 3, '2024-12-09 00:13:08', '2024-12-09 00:13:08', 23, NULL),
(580, 'BINDO VILLAGE I', 4, 3, '2024-12-09 00:13:08', '2024-12-09 00:13:08', 23, NULL),
(581, 'BORDEAUX', 4, 3, '2024-12-09 00:13:08', '2024-12-09 00:13:08', 23, NULL),
(582, 'GARAGE', 4, 3, '2024-12-09 00:13:08', '2024-12-09 00:13:08', 23, NULL),
(583, 'JUNCKVILLE', 4, 3, '2024-12-09 00:13:08', '2024-12-09 00:13:08', 23, NULL),
(584, 'LESSOBELLA', 4, 3, '2024-12-09 00:13:08', '2024-12-09 00:13:08', 23, NULL);
INSERT INTO `centrevotes` (`id`, `centrevote`, `siege_id`, `province_id`, `created_at`, `updated_at`, `commoudept_id`, `arrondissement_id`) VALUES
(585, 'LEZINDA', 4, 3, '2024-12-09 00:13:08', '2024-12-09 00:13:08', 23, NULL),
(586, 'MASSASSIKE', 4, 3, '2024-12-09 00:13:08', '2024-12-09 00:13:08', 23, NULL),
(587, 'MBECK MENU', 4, 3, '2024-12-09 00:13:08', '2024-12-09 00:13:08', 23, NULL),
(588, 'MEBANG METORA', 4, 3, '2024-12-09 00:13:08', '2024-12-09 00:13:08', 23, NULL),
(589, 'MEDZIME VINE', 4, 3, '2024-12-09 00:13:08', '2024-12-09 00:13:08', 23, NULL),
(590, 'NDOUMANTANG', 4, 3, '2024-12-09 00:13:08', '2024-12-09 00:13:08', 23, NULL),
(591, 'NGOSSO', 4, 3, '2024-12-09 00:13:08', '2024-12-09 00:13:08', 23, NULL),
(592, 'PLANTATION FOULA', 4, 3, '2024-12-09 00:13:08', '2024-12-09 00:13:08', 23, NULL),
(593, 'VILLAGE MAKOUKE', 4, 3, '2024-12-09 00:13:08', '2024-12-09 00:13:08', 23, NULL),
(594, 'AGROGABON ZILE (PLANTA ZILE)', 5, 3, '2024-12-09 00:13:08', '2024-12-09 00:13:08', 23, NULL),
(595, 'ECOLE PUBLIQUE MASSIKA I-II', 5, 3, '2024-12-09 00:13:08', '2024-12-09 00:13:08', 23, NULL),
(596, 'ECOLE PUBLIQUE TCHAD I-II', 5, 3, '2024-12-09 00:13:08', '2024-12-09 00:13:08', 23, NULL),
(597, 'ECOLE PUBLIQUE NOMBAKELE', 5, 3, '2024-12-09 00:13:08', '2024-12-09 00:13:08', 23, NULL),
(598, 'ECOLE PUBLIQUE TSOUKA', 5, 3, '2024-12-09 00:13:08', '2024-12-09 00:13:08', 23, NULL),
(599, 'ECOLE PRIVEE CATHOLIQUE ISSALA', 5, 3, '2024-12-09 00:13:08', '2024-12-09 00:13:08', 23, NULL),
(600, 'ECOLE PRIVEE PROTESTANTE LOBI', 5, 3, '2024-12-09 00:13:08', '2024-12-09 00:13:08', 23, NULL),
(601, 'ECOLE KERI', 5, 3, '2024-12-09 00:13:08', '2024-12-09 00:13:08', 23, NULL),
(602, 'IKEMBELE', 5, 3, '2024-12-09 00:13:08', '2024-12-09 00:13:08', 23, NULL),
(603, 'IMENOU I', 5, 3, '2024-12-09 00:13:08', '2024-12-09 00:13:08', 23, NULL),
(604, 'IMENOU II', 5, 3, '2024-12-09 00:13:08', '2024-12-09 00:13:08', 23, NULL),
(605, 'ISSINGA', 5, 3, '2024-12-09 00:13:08', '2024-12-09 00:13:08', 23, NULL),
(606, 'KOMI', 5, 3, '2024-12-09 00:13:08', '2024-12-09 00:13:08', 23, NULL),
(607, 'MANYENGUE', 5, 3, '2024-12-09 00:13:08', '2024-12-09 00:13:08', 23, NULL),
(608, 'MIMONGO', 5, 3, '2024-12-09 00:13:08', '2024-12-09 00:13:08', 23, NULL),
(609, 'NGOUDOUFALA PK14', 5, 3, '2024-12-09 00:13:08', '2024-12-09 00:13:08', 23, NULL),
(610, 'PAGA', 5, 3, '2024-12-09 00:13:08', '2024-12-09 00:13:08', 23, NULL),
(611, 'SAINT MARTIN', 5, 3, '2024-12-09 00:13:08', '2024-12-09 00:13:08', 23, NULL),
(612, 'ANDOCK (MBILAVION)', 1, 3, '2024-12-09 00:13:08', '2024-12-09 00:13:08', 24, NULL),
(613, 'BINGOMA (CENTRE)', 1, 3, '2024-12-09 00:13:08', '2024-12-09 00:13:08', 24, NULL),
(614, 'BINGOMA (NORD)', 1, 3, '2024-12-09 00:13:08', '2024-12-09 00:13:08', 24, NULL),
(615, 'BINGOMA SUD (BELLE VUE)', 1, 3, '2024-12-09 00:13:08', '2024-12-09 00:13:08', 24, NULL),
(616, 'CENTRE VILLE', 1, 3, '2024-12-09 00:13:08', '2024-12-09 00:13:08', 24, NULL),
(617, 'KM I (SORBONNE)', 1, 3, '2024-12-09 00:13:08', '2024-12-09 00:13:08', 24, NULL),
(618, 'MISSANGA NAZARETH', 1, 3, '2024-12-09 00:13:08', '2024-12-09 00:13:08', 24, NULL),
(619, 'MISSANGA SAINT JEAN', 1, 3, '2024-12-09 00:13:08', '2024-12-09 00:13:08', 24, NULL),
(620, 'NYANKOK MBOUNE I-II', 1, 3, '2024-12-09 00:13:08', '2024-12-09 00:13:08', 24, NULL),
(621, 'BIFOUN III (CHEF VILLAGE)', 2, 3, '2024-12-09 00:13:08', '2024-12-09 00:13:08', 24, NULL),
(622, 'ECOLE PUBLIQUE ABANGA II', 2, 3, '2024-12-09 00:13:08', '2024-12-09 00:13:08', 24, NULL),
(623, 'ECOLE PUBLIQUE BIFOUN CENTRE', 2, 3, '2024-12-09 00:13:08', '2024-12-09 00:13:08', 24, NULL),
(624, 'ECOLE PUBLIQUE EBEL RIVE DROITE', 2, 3, '2024-12-09 00:13:08', '2024-12-09 00:13:08', 24, NULL),
(625, 'ECOLE PUBLIQUE EKORODO', 2, 3, '2024-12-09 00:13:08', '2024-12-09 00:13:08', 24, NULL),
(626, 'ECOLE P. PROTESTANTE EBEL RIVE GAUCHE', 2, 3, '2024-12-09 00:13:08', '2024-12-09 00:13:08', 24, NULL),
(627, 'MENGUEGNE (CHEF VILLAGE)', 2, 3, '2024-12-09 00:13:08', '2024-12-09 00:13:08', 24, NULL),
(628, 'TOUM RIVE DROITE', 2, 3, '2024-12-09 00:13:08', '2024-12-09 00:13:08', 24, NULL),
(629, 'WELIGA 1 (CHEF REGROUP)', 2, 3, '2024-12-09 00:13:08', '2024-12-09 00:13:08', 24, NULL),
(630, 'WELIGA 2 (CHEF VILLAGE)', 2, 3, '2024-12-09 00:13:08', '2024-12-09 00:13:08', 24, NULL),
(631, 'YOKO QUAND MEME (CHEF VILLAGE)', 2, 3, '2024-12-09 00:13:08', '2024-12-09 00:13:08', 24, NULL),
(632, 'ALEMBE (CHEF DE VILLAGE)', 3, 3, '2024-12-09 00:13:08', '2024-12-09 00:13:08', 24, NULL),
(633, 'BSO LANO', 3, 3, '2024-12-09 00:13:08', '2024-12-09 00:13:08', 24, NULL),
(634, 'ECOLE PUBLIQUE JUNCKVILLE', 3, 3, '2024-12-09 00:13:08', '2024-12-09 00:13:08', 24, NULL),
(635, 'ECOLE PUBLIQUE OTOUMBI', 3, 3, '2024-12-09 00:13:08', '2024-12-09 00:13:08', 24, NULL),
(636, 'ECOLE PUBLIQUE TRANSGABONAIS', 3, 3, '2024-12-09 00:13:08', '2024-12-09 00:13:08', 24, NULL),
(637, 'ECOLE P. CATHOLIQUE MEDOUMANE', 3, 3, '2024-12-09 00:13:08', '2024-12-09 00:13:08', 24, NULL),
(638, 'ECOLE PRIVEE CATHOLIQUE MINKOK MESSENG', 3, 3, '2024-12-09 00:13:08', '2024-12-09 00:13:08', 24, NULL),
(639, 'ECOLE BSO NDJOLE (MISSANGA)', 3, 3, '2024-12-09 00:13:08', '2024-12-09 00:13:08', 24, NULL),
(640, 'ENGOUGOUME (CHEF REGROUP)', 3, 3, '2024-12-09 00:13:08', '2024-12-09 00:13:08', 24, NULL),
(641, 'ESSONG AUBAMAKALE', 3, 3, '2024-12-09 00:13:08', '2024-12-09 00:13:08', 24, NULL),
(642, 'MEVANG METOUANG', 3, 3, '2024-12-09 00:13:08', '2024-12-09 00:13:08', 24, NULL),
(643, 'NZAMATA (CHEF VILLAGE)', 3, 3, '2024-12-09 00:13:08', '2024-12-09 00:13:08', 24, NULL),
(644, 'OTOUMA BSG', 3, 3, '2024-12-09 00:13:08', '2024-12-09 00:13:08', 24, NULL),
(645, 'BIBOULMAN', 3, 3, '2024-12-09 00:13:08', '2024-12-09 00:13:08', 24, NULL),
(646, 'ECOLE PUBLIQUE MBILANTEN', 3, 3, '2024-12-09 00:13:08', '2024-12-09 00:13:08', 24, NULL),
(647, 'ECOLE PRIVEE PROT. SAIO', 3, 3, '2024-12-09 00:13:08', '2024-12-09 00:13:08', 24, NULL),
(648, 'EYAMEYONG MAGUIELA', 3, 3, '2024-12-09 00:13:08', '2024-12-09 00:13:08', 24, NULL),
(649, 'FERNAN VAZ (CHEF VILLAGE)', 3, 3, '2024-12-09 00:13:08', '2024-12-09 00:13:08', 24, NULL),
(650, 'MAGUIELA', 3, 3, '2024-12-09 00:13:08', '2024-12-09 00:13:08', 24, NULL),
(651, 'MALEBA (CHEF VILLAGE)', 3, 3, '2024-12-09 00:13:08', '2024-12-09 00:13:08', 24, NULL),
(652, 'NGOUABILAGHA (CHEF VILLAGE)', 3, 3, '2024-12-09 00:13:08', '2024-12-09 00:13:08', 24, NULL),
(653, 'ECOLE COMMUNALE –A', 1, 4, '2024-12-09 00:13:08', '2024-12-09 00:13:08', 25, 1),
(654, 'ECOLE COMMUNALE –B', 1, 4, '2024-12-09 00:13:08', '2024-12-09 00:13:08', 25, 1),
(655, 'ECOLE COMMUNALE –E', 1, 4, '2024-12-09 00:13:08', '2024-12-09 00:13:08', 25, 1),
(656, 'ECOLE PRIVEE PROTESTANTE', 1, 4, '2024-12-09 00:13:08', '2024-12-09 00:13:08', 25, 1),
(657, 'ECOLE PUBLIQUE –D', 1, 4, '2024-12-09 00:13:08', '2024-12-09 00:13:08', 25, 1),
(658, 'ECOLE SANTE (ENSAS)', 1, 4, '2024-12-09 00:13:08', '2024-12-09 00:13:08', 25, 1),
(659, 'LYCEE PROFESSIONNEL', 1, 4, '2024-12-09 00:13:08', '2024-12-09 00:13:08', 25, 1),
(660, 'LYCEE EXCELLENCE', 1, 4, '2024-12-09 00:13:08', '2024-12-09 00:13:08', 25, 1),
(661, 'NOTRE DAME', 1, 4, '2024-12-09 00:13:08', '2024-12-09 00:13:08', 25, 1),
(662, 'NOUVEAU CES', 1, 4, '2024-12-09 00:13:08', '2024-12-09 00:13:08', 25, 1),
(663, 'SAINT GABRIEL', 1, 4, '2024-12-09 00:13:08', '2024-12-09 00:13:08', 25, 1),
(664, 'CENTRE DE FORMATION –P', 1, 4, '2024-12-09 00:13:08', '2024-12-09 00:13:08', 25, 2),
(665, 'ECOLE PUBLIQUE –C', 1, 4, '2024-12-09 00:13:08', '2024-12-09 00:13:08', 25, 2),
(666, 'ECOLE PUBLIQUE -F', 1, 4, '2024-12-09 00:13:08', '2024-12-09 00:13:08', 25, 2),
(667, 'IMMEUBLE CNSS/CNGS', 1, 4, '2024-12-09 00:13:08', '2024-12-09 00:13:08', 25, 2),
(668, 'SAINT KISITO', 1, 4, '2024-12-09 00:13:08', '2024-12-09 00:13:08', 25, 2),
(669, 'BANDI 1 ET 2', 1, 4, '2024-12-09 00:13:08', '2024-12-09 00:13:08', 26, NULL),
(670, 'DIKOKA', 1, 4, '2024-12-09 00:13:08', '2024-12-09 00:13:08', 26, NULL),
(671, 'IGOUMA 2', 1, 4, '2024-12-09 00:13:08', '2024-12-09 00:13:08', 26, NULL),
(672, 'IGOUMA 1', 1, 4, '2024-12-09 00:13:08', '2024-12-09 00:13:08', 26, NULL),
(673, 'MOKABO', 1, 4, '2024-12-09 00:13:08', '2024-12-09 00:13:08', 26, NULL),
(674, 'MIGABE', 2, 4, '2024-12-09 00:13:08', '2024-12-09 00:13:08', 26, NULL),
(675, 'MOUALO', 2, 4, '2024-12-09 00:13:08', '2024-12-09 00:13:08', 26, NULL),
(676, 'SAINT MARTIN', 2, 4, '2024-12-09 00:13:08', '2024-12-09 00:13:08', 26, NULL),
(677, 'DOUYA', 3, 4, '2024-12-09 00:13:08', '2024-12-09 00:13:08', 26, NULL),
(678, 'IDOUMI', 3, 4, '2024-12-09 00:13:08', '2024-12-09 00:13:08', 26, NULL),
(679, 'IKOLO', 3, 4, '2024-12-09 00:13:08', '2024-12-09 00:13:08', 26, NULL),
(680, 'KOUMBANOU', 3, 4, '2024-12-09 00:13:08', '2024-12-09 00:13:08', 26, NULL),
(681, 'MAKANDA', 3, 4, '2024-12-09 00:13:08', '2024-12-09 00:13:08', 26, NULL),
(682, 'MOULANDOUFOUALA', 3, 4, '2024-12-09 00:13:08', '2024-12-09 00:13:08', 26, NULL),
(683, 'MOUTASSO', 3, 4, '2024-12-09 00:13:08', '2024-12-09 00:13:08', 26, NULL),
(684, 'NOMBAKELE', 3, 4, '2024-12-09 00:13:08', '2024-12-09 00:13:08', 26, NULL),
(685, 'ECOLE PUBLIQUE DIBOTSA', 1, 4, '2024-12-09 00:13:08', '2024-12-09 00:13:08', 27, NULL),
(686, 'ECOLE PUBLIQUE', 1, 4, '2024-12-09 00:13:08', '2024-12-09 00:13:08', 27, NULL),
(687, 'ECOLE PUBLIQUE MOUSSA', 1, 4, '2024-12-09 00:13:08', '2024-12-09 00:13:08', 27, NULL),
(688, 'GUIMANGA', 1, 4, '2024-12-09 00:13:08', '2024-12-09 00:13:08', 27, NULL),
(689, 'GUISSA CARREFOUR', 1, 4, '2024-12-09 00:13:08', '2024-12-09 00:13:08', 27, NULL),
(690, 'ECOLE PUBLIQUE IDEMBA', 1, 4, '2024-12-09 00:13:08', '2024-12-09 00:13:08', 27, NULL),
(691, 'ECOLE PUBLIQUE ILENDO', 1, 4, '2024-12-09 00:13:08', '2024-12-09 00:13:08', 27, NULL),
(692, 'KOUMBANOU', 1, 4, '2024-12-09 00:13:08', '2024-12-09 00:13:08', 27, NULL),
(693, 'MANDJI DAKAR', 1, 4, '2024-12-09 00:13:08', '2024-12-09 00:13:08', 27, NULL),
(694, 'ECOLE PUBLIQUE MINGOLA', 1, 4, '2024-12-09 00:13:08', '2024-12-09 00:13:08', 27, NULL),
(695, 'MOUKIDI', 1, 4, '2024-12-09 00:13:08', '2024-12-09 00:13:08', 27, NULL),
(696, 'NIEGUIANOU', 1, 4, '2024-12-09 00:13:08', '2024-12-09 00:13:08', 27, NULL),
(697, 'NYANGA', 1, 4, '2024-12-09 00:13:08', '2024-12-09 00:13:08', 27, NULL),
(698, 'NZAMBI', 1, 4, '2024-12-09 00:13:08', '2024-12-09 00:13:08', 27, NULL),
(699, 'OUKOUMBOU', 1, 4, '2024-12-09 00:13:08', '2024-12-09 00:13:08', 27, NULL),
(700, 'ECOLE CATHOLIQUE STE FAMILLE (BELLE VILLE)', 1, 4, '2024-12-09 00:13:08', '2024-12-09 00:13:08', 28, NULL),
(701, 'BONGAVILLE ET MOUBOUNGOU EPP', 1, 4, '2024-12-09 00:13:08', '2024-12-09 00:13:08', 28, NULL),
(702, 'ECOLE PUBLIQUE CENTRE CITE ADMIN', 1, 4, '2024-12-09 00:13:08', '2024-12-09 00:13:08', 28, NULL),
(703, 'DAKAR SONG ET DAKAR BAS FOND', 1, 4, '2024-12-09 00:13:08', '2024-12-09 00:13:08', 28, NULL),
(704, 'DISPENSAIRE MOULANDOUFALA', 1, 4, '2024-12-09 00:13:08', '2024-12-09 00:13:08', 28, NULL),
(705, 'DOUBOU', 1, 4, '2024-12-09 00:13:08', '2024-12-09 00:13:08', 28, NULL),
(706, 'ECOLE MOURIMATSIENGUI', 1, 4, '2024-12-09 00:13:08', '2024-12-09 00:13:08', 28, NULL),
(707, 'ECOLE PROTESTANTE MOUDOUMA', 1, 4, '2024-12-09 00:13:08', '2024-12-09 00:13:08', 28, NULL),
(708, 'ECOLE PUBLIQUE OYENANO', 1, 4, '2024-12-09 00:13:08', '2024-12-09 00:13:08', 28, NULL),
(709, 'ECOLE CATHOLIQUE MBOUKOU', 1, 4, '2024-12-09 00:13:08', '2024-12-09 00:13:08', 28, NULL),
(710, 'ECOLE EKANGA', 1, 4, '2024-12-09 00:13:08', '2024-12-09 00:13:08', 28, NULL),
(711, 'ECOLE MAMIENGUE', 1, 4, '2024-12-09 00:13:08', '2024-12-09 00:13:08', 28, NULL),
(712, 'ECOLE PROTEST. REMBOUE', 1, 4, '2024-12-09 00:13:08', '2024-12-09 00:13:08', 28, NULL),
(713, 'ECOLE PUBLIQUE DE BASSALI', 1, 4, '2024-12-09 00:13:08', '2024-12-09 00:13:08', 28, NULL),
(714, 'ECOLE PUBLIQUE DE DAKAR', 1, 4, '2024-12-09 00:13:08', '2024-12-09 00:13:08', 28, NULL),
(715, 'ECOLE PUBLIQUE DE NGOUASSA', 1, 4, '2024-12-09 00:13:08', '2024-12-09 00:13:08', 28, NULL),
(716, 'ECOLE PUBLIQUE GUIDOUMA', 1, 4, '2024-12-09 00:13:08', '2024-12-09 00:13:08', 28, NULL),
(717, 'ECOLE PUBLIQUE NZEMBA', 1, 4, '2024-12-09 00:13:08', '2024-12-09 00:13:08', 28, NULL),
(718, 'ECOLE WAKA', 1, 4, '2024-12-09 00:13:08', '2024-12-09 00:13:08', 28, NULL),
(719, 'GRAND ODAVO PONT', 1, 4, '2024-12-09 00:13:08', '2024-12-09 00:13:08', 28, NULL),
(720, 'KERIDIAMBOU CES', 1, 4, '2024-12-09 00:13:08', '2024-12-09 00:13:08', 28, NULL),
(721, 'KESSI 2', 1, 4, '2024-12-09 00:13:08', '2024-12-09 00:13:08', 28, NULL),
(722, 'KESSI 1', 1, 4, '2024-12-09 00:13:08', '2024-12-09 00:13:08', 28, NULL),
(723, 'MANDILOU 1 ECOLE PUBLIQUE', 1, 4, '2024-12-09 00:13:08', '2024-12-09 00:13:08', 28, NULL),
(724, 'MANDILOU 2 (CHEF VILLAGE)', 1, 4, '2024-12-09 00:13:08', '2024-12-09 00:13:08', 28, NULL),
(725, 'MOUTAMBA SA NAFOUMOU', 1, 4, '2024-12-09 00:13:08', '2024-12-09 00:13:08', 28, NULL),
(726, 'EC.PUBLIQUE DAKA (NIANGOU –SA-WOME)', 1, 4, '2024-12-09 00:13:08', '2024-12-09 00:13:08', 28, NULL),
(727, 'NINGUI', 1, 4, '2024-12-09 00:13:08', '2024-12-09 00:13:08', 28, NULL),
(728, 'PETIT ODAVO CHEFFERIE', 1, 4, '2024-12-09 00:13:08', '2024-12-09 00:13:08', 28, NULL),
(729, 'REGROUPEMENT GUIAMBA', 1, 4, '2024-12-09 00:13:08', '2024-12-09 00:13:08', 28, NULL),
(730, 'ECOLE PUBLIQUE YOMBI 1', 1, 4, '2024-12-09 00:13:08', '2024-12-09 00:13:08', 28, NULL),
(731, 'YOMBI 2 (CHEF DE VILLAGE)', 1, 4, '2024-12-09 00:13:08', '2024-12-09 00:13:08', 28, NULL),
(732, 'DIVINDE', 2, 4, '2024-12-09 00:13:08', '2024-12-09 00:13:08', 28, NULL),
(733, 'DOUANI', 2, 4, '2024-12-09 00:13:08', '2024-12-09 00:13:08', 28, NULL),
(734, 'ECOLE PUBLIQUE KOUAGNA', 2, 4, '2024-12-09 00:13:08', '2024-12-09 00:13:08', 28, NULL),
(735, 'ECOLE NIMBIE', 2, 4, '2024-12-09 00:13:08', '2024-12-09 00:13:08', 28, NULL),
(736, 'ECOLE PUBLI. SINDARA 1', 2, 4, '2024-12-09 00:13:08', '2024-12-09 00:13:08', 28, NULL),
(737, 'ECOLE PUBLI. SINDARA 2', 2, 4, '2024-12-09 00:13:08', '2024-12-09 00:13:08', 28, NULL),
(738, 'EGONO', 2, 4, '2024-12-09 00:13:08', '2024-12-09 00:13:08', 28, NULL),
(739, 'EGOUBA (OUMBA)', 2, 4, '2024-12-09 00:13:08', '2024-12-09 00:13:08', 28, NULL),
(740, 'EVOUTA', 2, 4, '2024-12-09 00:13:08', '2024-12-09 00:13:08', 28, NULL),
(741, 'GUEDIBA DIVINDE', 2, 4, '2024-12-09 00:13:08', '2024-12-09 00:13:08', 28, NULL),
(742, 'IKOBEY CENTRE (KEBE)', 2, 4, '2024-12-09 00:13:08', '2024-12-09 00:13:08', 28, NULL),
(743, 'ECOLE CATHOLIQUE MATADI 7', 2, 4, '2024-12-09 00:13:08', '2024-12-09 00:13:08', 28, NULL),
(744, 'MIMONGO', 2, 4, '2024-12-09 00:13:08', '2024-12-09 00:13:08', 28, NULL),
(745, 'MOLANDO', 2, 4, '2024-12-09 00:13:08', '2024-12-09 00:13:08', 28, NULL),
(746, 'NDOUGOU CHEFFERIE', 2, 4, '2024-12-09 00:13:08', '2024-12-09 00:13:08', 28, NULL),
(747, 'NIOYE 1', 2, 4, '2024-12-09 00:13:08', '2024-12-09 00:13:08', 28, NULL),
(748, 'NIOYE II (DISPENSAIRE)', 2, 4, '2024-12-09 00:13:08', '2024-12-09 00:13:08', 28, NULL),
(749, 'SINDARA SONG', 2, 4, '2024-12-09 00:13:08', '2024-12-09 00:13:08', 28, NULL),
(750, 'ANDAMBA', 1, 4, '2024-12-09 00:13:08', '2024-12-09 00:13:08', 29, NULL),
(751, 'BOLAPESSA', 1, 4, '2024-12-09 00:13:08', '2024-12-09 00:13:08', 29, NULL),
(752, 'DIENGA', 1, 4, '2024-12-09 00:13:08', '2024-12-09 00:13:08', 29, NULL),
(753, 'ECOLE PUBLIQUE MBIGOU', 1, 4, '2024-12-09 00:13:08', '2024-12-09 00:13:08', 29, NULL),
(754, 'ECOLE PROT HAUT MBIGOU', 1, 4, '2024-12-09 00:13:08', '2024-12-09 00:13:08', 29, NULL),
(755, 'INOUNOUSSIABOLA', 1, 4, '2024-12-09 00:13:08', '2024-12-09 00:13:08', 29, NULL),
(756, 'ITSIKA KOUMOU MALA', 1, 4, '2024-12-09 00:13:08', '2024-12-09 00:13:08', 29, NULL),
(757, 'KAMBAMONGO', 1, 4, '2024-12-09 00:13:08', '2024-12-09 00:13:08', 29, NULL),
(758, 'KOTTO', 1, 4, '2024-12-09 00:13:08', '2024-12-09 00:13:08', 29, NULL),
(759, 'LEBAGNI', 1, 4, '2024-12-09 00:13:08', '2024-12-09 00:13:08', 29, NULL),
(760, 'LEDOUMA TP MBIGOU', 1, 4, '2024-12-09 00:13:08', '2024-12-09 00:13:08', 29, NULL),
(761, 'LENGOYE', 1, 4, '2024-12-09 00:13:08', '2024-12-09 00:13:08', 29, NULL),
(762, 'MALOU LOULOU', 1, 4, '2024-12-09 00:13:08', '2024-12-09 00:13:08', 29, NULL),
(763, 'MAREMBO', 1, 4, '2024-12-09 00:13:08', '2024-12-09 00:13:08', 29, NULL),
(764, 'MBIMBA', 1, 4, '2024-12-09 00:13:08', '2024-12-09 00:13:08', 29, NULL),
(765, 'MIKOUMA', 1, 4, '2024-12-09 00:13:08', '2024-12-09 00:13:08', 29, NULL),
(766, 'MIYANGA', 1, 4, '2024-12-09 00:13:08', '2024-12-09 00:13:08', 29, NULL),
(767, 'MOUDOUMA', 1, 4, '2024-12-09 00:13:08', '2024-12-09 00:13:08', 29, NULL),
(768, 'MOUKOUALA', 1, 4, '2024-12-09 00:13:08', '2024-12-09 00:13:08', 29, NULL),
(769, 'CES MOUNGUEMBE', 1, 4, '2024-12-09 00:13:08', '2024-12-09 00:13:08', 29, NULL),
(770, 'NDENGA', 1, 4, '2024-12-09 00:13:08', '2024-12-09 00:13:08', 29, NULL),
(771, 'NGOUNGUI', 1, 4, '2024-12-09 00:13:08', '2024-12-09 00:13:08', 29, NULL),
(772, 'IMENO MBILA', 2, 4, '2024-12-09 00:13:08', '2024-12-09 00:13:08', 29, NULL),
(773, 'KANDA', 2, 4, '2024-12-09 00:13:08', '2024-12-09 00:13:08', 29, NULL),
(774, 'MANDJI WANO', 2, 4, '2024-12-09 00:13:08', '2024-12-09 00:13:08', 29, NULL),
(775, 'REGROUPEMENT IMENO-NZINGA', 2, 4, '2024-12-09 00:13:08', '2024-12-09 00:13:08', 29, NULL),
(776, 'REGROUPEMENT ISSALA', 2, 4, '2024-12-09 00:13:08', '2024-12-09 00:13:08', 29, NULL),
(777, 'REGROUPEMENT MAYANI', 2, 4, '2024-12-09 00:13:08', '2024-12-09 00:13:08', 29, NULL),
(778, 'CHANTIER BOUTSALA', 3, 4, '2024-12-09 00:13:08', '2024-12-09 00:13:08', 29, NULL),
(779, 'DIBWANGUI', 3, 4, '2024-12-09 00:13:08', '2024-12-09 00:13:08', 29, NULL),
(780, 'KAMAMONGO – LEPOYE', 3, 4, '2024-12-09 00:13:08', '2024-12-09 00:13:08', 29, NULL),
(781, 'KOYA', 3, 4, '2024-12-09 00:13:08', '2024-12-09 00:13:08', 29, NULL),
(782, 'LEKINDOU', 3, 4, '2024-12-09 00:13:08', '2024-12-09 00:13:08', 29, NULL),
(783, 'LOBA', 3, 4, '2024-12-09 00:13:08', '2024-12-09 00:13:08', 29, NULL),
(784, 'ECOLE PUBLIQUE MACKONGONIO', 3, 4, '2024-12-09 00:13:08', '2024-12-09 00:13:08', 29, NULL),
(785, 'MANDJI', 3, 4, '2024-12-09 00:13:08', '2024-12-09 00:13:08', 29, NULL),
(786, 'MOUBOU LELOLO', 3, 4, '2024-12-09 00:13:08', '2024-12-09 00:13:08', 29, NULL),
(787, 'NDOUBI', 3, 4, '2024-12-09 00:13:08', '2024-12-09 00:13:08', 29, NULL),
(788, 'ECOLE PRIVEE CATHOLIQUE NGOMO-BOUL', 3, 4, '2024-12-09 00:13:08', '2024-12-09 00:13:08', 29, NULL),
(789, 'NZENZELE I', 3, 4, '2024-12-09 00:13:08', '2024-12-09 00:13:08', 29, NULL),
(790, 'NZENZELE II', 3, 4, '2024-12-09 00:13:08', '2024-12-09 00:13:08', 29, NULL),
(791, 'POUNDI', 3, 4, '2024-12-09 00:13:08', '2024-12-09 00:13:08', 29, NULL),
(792, 'REBE', 3, 4, '2024-12-09 00:13:08', '2024-12-09 00:13:08', 29, NULL),
(793, 'SOUANGUI', 3, 4, '2024-12-09 00:13:08', '2024-12-09 00:13:08', 29, NULL),
(794, 'BOULEMBO', 1, 4, '2024-12-09 00:13:08', '2024-12-09 00:13:08', 30, NULL),
(795, 'CES MIMONGO', 1, 4, '2024-12-09 00:13:08', '2024-12-09 00:13:08', 30, NULL),
(796, 'DIBAMBA', 1, 4, '2024-12-09 00:13:08', '2024-12-09 00:13:08', 30, NULL),
(797, 'DIBANDI', 1, 4, '2024-12-09 00:13:08', '2024-12-09 00:13:08', 30, NULL),
(798, 'DIBASSA', 1, 4, '2024-12-09 00:13:08', '2024-12-09 00:13:08', 30, NULL),
(799, 'DIYANGA', 1, 4, '2024-12-09 00:13:08', '2024-12-09 00:13:08', 30, NULL),
(800, 'ECOLE CATHOLIQUE PRIVEE', 1, 4, '2024-12-09 00:13:08', '2024-12-09 00:13:08', 30, NULL),
(801, 'ECOLE PUBLIQUE A 130', 1, 4, '2024-12-09 00:13:08', '2024-12-09 00:13:08', 30, NULL),
(802, 'ECOLE PUBLIQUE B', 1, 4, '2024-12-09 00:13:08', '2024-12-09 00:13:08', 30, NULL),
(803, 'MOUKABOU', 1, 4, '2024-12-09 00:13:08', '2024-12-09 00:13:08', 30, NULL),
(804, 'MOUKANDI', 1, 4, '2024-12-09 00:13:08', '2024-12-09 00:13:08', 30, NULL),
(805, 'MOUNONGO', 1, 4, '2024-12-09 00:13:08', '2024-12-09 00:13:08', 30, NULL),
(806, 'POUNGUI', 1, 4, '2024-12-09 00:13:08', '2024-12-09 00:13:08', 30, NULL),
(807, 'BILENGUI', 2, 4, '2024-12-09 00:13:08', '2024-12-09 00:13:08', 30, NULL),
(808, 'EBANDO', 2, 4, '2024-12-09 00:13:08', '2024-12-09 00:13:08', 30, NULL),
(809, 'EGOUMBI BAC', 2, 4, '2024-12-09 00:13:08', '2024-12-09 00:13:08', 30, NULL),
(810, 'EKEMBELE', 2, 4, '2024-12-09 00:13:08', '2024-12-09 00:13:08', 30, NULL),
(811, 'EPAMBOA', 2, 4, '2024-12-09 00:13:08', '2024-12-09 00:13:08', 30, NULL),
(812, 'ETAVA', 2, 4, '2024-12-09 00:13:08', '2024-12-09 00:13:08', 30, NULL),
(813, 'ETEKE 1 ET 2', 2, 4, '2024-12-09 00:13:08', '2024-12-09 00:13:08', 30, NULL),
(814, 'KANDA PIE', 2, 4, '2024-12-09 00:13:08', '2024-12-09 00:13:08', 30, NULL),
(815, 'MAMBA EVOVA', 2, 4, '2024-12-09 00:13:08', '2024-12-09 00:13:08', 30, NULL),
(816, 'MASSIKA', 2, 4, '2024-12-09 00:13:08', '2024-12-09 00:13:08', 30, NULL),
(817, 'MASSIMA ET VIEUX MIMONGO', 2, 4, '2024-12-09 00:13:08', '2024-12-09 00:13:08', 30, NULL),
(818, 'MEBE', 2, 4, '2024-12-09 00:13:08', '2024-12-09 00:13:08', 30, NULL),
(819, 'MOSSIGUE', 2, 4, '2024-12-09 00:13:08', '2024-12-09 00:13:08', 30, NULL),
(820, 'MOUBIGOU', 2, 4, '2024-12-09 00:13:08', '2024-12-09 00:13:08', 30, NULL),
(821, 'NOMBO', 2, 4, '2024-12-09 00:13:08', '2024-12-09 00:13:08', 30, NULL),
(822, 'OVALA MOKONA', 2, 4, '2024-12-09 00:13:08', '2024-12-09 00:13:08', 30, NULL),
(823, 'SEKA SEKA', 2, 4, '2024-12-09 00:13:08', '2024-12-09 00:13:08', 30, NULL),
(824, 'YENO (RG-RD)', 2, 4, '2024-12-09 00:13:08', '2024-12-09 00:13:08', 30, NULL),
(825, 'BEMBOUDIE', 1, 4, '2024-12-09 00:13:08', '2024-12-09 00:13:08', 31, NULL),
(826, 'BOUNGOUNGA', 1, 4, '2024-12-09 00:13:08', '2024-12-09 00:13:08', 31, NULL),
(827, 'CES MANDJI', 1, 4, '2024-12-09 00:13:08', '2024-12-09 00:13:08', 31, NULL),
(828, 'CENTRE VILLE', 1, 4, '2024-12-09 00:13:08', '2024-12-09 00:13:08', 31, NULL),
(829, 'CENTRE VILLE CONSEIL DEPARTEMENTAL', 1, 4, '2024-12-09 00:13:08', '2024-12-09 00:13:08', 31, NULL),
(830, 'DIANGUI', 1, 4, '2024-12-09 00:13:08', '2024-12-09 00:13:08', 31, NULL),
(831, 'DIGWEMA', 1, 4, '2024-12-09 00:13:08', '2024-12-09 00:13:08', 31, NULL),
(832, 'ECOLE CATHOLIQUE', 1, 4, '2024-12-09 00:13:08', '2024-12-09 00:13:08', 31, NULL),
(833, 'ECOLE PUBLIQUE DE MANDJI', 1, 4, '2024-12-09 00:13:08', '2024-12-09 00:13:08', 31, NULL),
(834, 'FANGUINDAKA', 1, 4, '2024-12-09 00:13:08', '2024-12-09 00:13:08', 31, NULL),
(835, 'KANANA', 1, 4, '2024-12-09 00:13:08', '2024-12-09 00:13:08', 31, NULL),
(836, 'LAMBARENE KILI', 1, 4, '2024-12-09 00:13:08', '2024-12-09 00:13:08', 31, NULL),
(837, 'MAISON DU PEUPLE', 1, 4, '2024-12-09 00:13:08', '2024-12-09 00:13:08', 31, NULL),
(838, 'PENY 1', 1, 4, '2024-12-09 00:13:08', '2024-12-09 00:13:08', 31, NULL),
(839, 'PENY 2', 1, 4, '2024-12-09 00:13:08', '2024-12-09 00:13:08', 31, NULL),
(840, 'SIEVANOU', 1, 4, '2024-12-09 00:13:08', '2024-12-09 00:13:08', 31, NULL),
(841, 'CFA GUIVANGA', 2, 4, '2024-12-09 00:13:08', '2024-12-09 00:13:08', 31, NULL),
(842, 'FOUANOU', 2, 4, '2024-12-09 00:13:08', '2024-12-09 00:13:08', 31, NULL),
(843, 'MASSANA DOUBINANA', 2, 4, '2024-12-09 00:13:08', '2024-12-09 00:13:08', 31, NULL),
(844, 'MATSOUKA', 2, 4, '2024-12-09 00:13:08', '2024-12-09 00:13:08', 31, NULL),
(845, 'MOUKOUNA', 2, 4, '2024-12-09 00:13:08', '2024-12-09 00:13:08', 31, NULL),
(846, 'NZAMBINATSIENGUI', 2, 4, '2024-12-09 00:13:08', '2024-12-09 00:13:08', 31, NULL),
(847, 'OMENGO', 2, 4, '2024-12-09 00:13:08', '2024-12-09 00:13:08', 31, NULL),
(848, 'TSYKA', 2, 4, '2024-12-09 00:13:08', '2024-12-09 00:13:08', 31, NULL),
(849, 'YENO', 2, 4, '2024-12-09 00:13:08', '2024-12-09 00:13:08', 31, NULL),
(850, 'YENO PETIT VILLAGE', 2, 4, '2024-12-09 00:13:08', '2024-12-09 00:13:08', 31, NULL),
(851, 'CONSEIL DEPARTEMENTAL', 1, 4, '2024-12-09 00:13:08', '2024-12-09 00:13:08', 32, NULL),
(852, 'CAMP TP (AVIATION)', 1, 4, '2024-12-09 00:13:08', '2024-12-09 00:13:08', 32, NULL),
(853, 'DILOLO', 1, 4, '2024-12-09 00:13:08', '2024-12-09 00:13:08', 32, NULL),
(854, 'EP PROTEST (MINDANDA ET KAMBA)', 1, 4, '2024-12-09 00:13:08', '2024-12-09 00:13:08', 32, NULL),
(855, 'ECOLE CATH DOLA A', 1, 4, '2024-12-09 00:13:08', '2024-12-09 00:13:08', 32, NULL),
(856, 'ECOLE CATH DOLA B', 1, 4, '2024-12-09 00:13:08', '2024-12-09 00:13:08', 32, NULL),
(857, 'ECOLE CATHOLIQUE DOUSSALA', 1, 4, '2024-12-09 00:13:08', '2024-12-09 00:13:08', 32, NULL),
(858, 'ECOLE PUBLIQUE CENTRE', 1, 4, '2024-12-09 00:13:08', '2024-12-09 00:13:08', 32, NULL),
(859, 'ECOLE SOGADEL', 1, 4, '2024-12-09 00:13:08', '2024-12-09 00:13:08', 32, NULL),
(860, 'FERRA', 1, 4, '2024-12-09 00:13:08', '2024-12-09 00:13:08', 32, NULL),
(861, 'LYCEE D’ETAT A', 1, 4, '2024-12-09 00:13:08', '2024-12-09 00:13:08', 32, NULL),
(862, 'LYCEE D’ETAT B', 1, 4, '2024-12-09 00:13:08', '2024-12-09 00:13:08', 32, NULL),
(863, 'MBADI', 1, 4, '2024-12-09 00:13:08', '2024-12-09 00:13:08', 32, NULL),
(864, 'MBENGUI', 1, 4, '2024-12-09 00:13:08', '2024-12-09 00:13:08', 32, NULL),
(865, 'MOUDJOMBI', 1, 4, '2024-12-09 00:13:08', '2024-12-09 00:13:08', 32, NULL),
(866, 'MOUKORO 1 ET 2', 1, 4, '2024-12-09 00:13:08', '2024-12-09 00:13:08', 32, NULL),
(867, 'MOUNGALI', 1, 4, '2024-12-09 00:13:08', '2024-12-09 00:13:08', 32, NULL),
(868, 'MOUNIGOU', 1, 4, '2024-12-09 00:13:08', '2024-12-09 00:13:08', 32, NULL),
(869, 'MOUREMBOU (ISSINGA)', 1, 4, '2024-12-09 00:13:08', '2024-12-09 00:13:08', 32, NULL),
(870, 'MOUSSAMBOU', 1, 4, '2024-12-09 00:13:08', '2024-12-09 00:13:08', 32, NULL),
(871, 'NANGA', 1, 4, '2024-12-09 00:13:08', '2024-12-09 00:13:08', 32, NULL),
(872, 'NDENDE 1-2-3', 1, 4, '2024-12-09 00:13:08', '2024-12-09 00:13:08', 32, NULL),
(873, 'NGOUSSOU MINGAGA TSANGUI', 1, 4, '2024-12-09 00:13:08', '2024-12-09 00:13:08', 32, NULL),
(874, 'NYANGA YOUNGOU', 1, 4, '2024-12-09 00:13:08', '2024-12-09 00:13:08', 32, NULL),
(875, 'VOLET VILLAGEOIS (MALABA)', 1, 4, '2024-12-09 00:13:08', '2024-12-09 00:13:08', 32, NULL),
(876, 'ECOLE PUBLIQUE YELO DOLA', 1, 4, '2024-12-09 00:13:08', '2024-12-09 00:13:08', 32, NULL),
(877, 'COLLEGE BONGOLO', 1, 4, '2024-12-09 00:13:08', '2024-12-09 00:13:08', 33, NULL),
(878, 'ECOLE CATHOLIQUE DE MABANGA', 1, 4, '2024-12-09 00:13:08', '2024-12-09 00:13:08', 33, NULL),
(879, 'ECOLE CATHOLIQUE DE MBINAMBI', 1, 4, '2024-12-09 00:13:08', '2024-12-09 00:13:08', 33, NULL),
(880, 'ECOLE CATHOLIQUE LEBAMBA', 1, 4, '2024-12-09 00:13:08', '2024-12-09 00:13:08', 33, NULL),
(881, 'ECOLE PROT. NDZOUNDOU', 1, 4, '2024-12-09 00:13:08', '2024-12-09 00:13:08', 33, NULL),
(882, 'ECOLE PUBLIQUE LEBAMBA', 1, 4, '2024-12-09 00:13:08', '2024-12-09 00:13:08', 33, NULL),
(883, 'ECOLE PUBLIQUE NZINGUI', 1, 4, '2024-12-09 00:13:08', '2024-12-09 00:13:08', 33, NULL),
(884, 'ECOLE CATHOLIQUE LETOGO MABENGO', 1, 4, '2024-12-09 00:13:08', '2024-12-09 00:13:08', 33, NULL),
(885, 'ECOLE ALL CHRETIENNE', 1, 4, '2024-12-09 00:13:08', '2024-12-09 00:13:08', 33, NULL),
(886, 'ECOLE ALLIANCE CHRETIENNE BONGOLO', 1, 4, '2024-12-09 00:13:08', '2024-12-09 00:13:08', 33, NULL),
(887, 'ECOLE ALL. CHRET. MBELENALETEMBE', 1, 4, '2024-12-09 00:13:08', '2024-12-09 00:13:08', 33, NULL),
(888, 'ECOLE PUB. ISSINGA', 1, 4, '2024-12-09 00:13:08', '2024-12-09 00:13:08', 33, NULL),
(889, 'FOYER DES JEUNES (CENTRE VILLE)', 1, 4, '2024-12-09 00:13:08', '2024-12-09 00:13:08', 33, NULL),
(890, 'FOYER DES JEUNES (MALONGO MAPA)', 1, 4, '2024-12-09 00:13:08', '2024-12-09 00:13:08', 33, NULL),
(891, 'ECOLE PROTESTANTE IDEMBE', 1, 4, '2024-12-09 00:13:08', '2024-12-09 00:13:08', 33, NULL),
(892, 'ECOLE CATHOLIQUE KANDA', 1, 4, '2024-12-09 00:13:08', '2024-12-09 00:13:08', 33, NULL),
(893, 'ECOLE ALL CHRET MAKOMBO', 1, 4, '2024-12-09 00:13:08', '2024-12-09 00:13:08', 33, NULL),
(894, 'MAYANGA', 1, 4, '2024-12-09 00:13:08', '2024-12-09 00:13:08', 33, NULL),
(895, 'ECOLE PUBLIQUE MEMBA', 1, 4, '2024-12-09 00:13:08', '2024-12-09 00:13:08', 33, NULL),
(896, 'ECOLE CATH MOUKOUNDOU', 1, 4, '2024-12-09 00:13:08', '2024-12-09 00:13:08', 33, NULL),
(897, 'ECOLE PUBLIQUE MOUYAMBA', 1, 4, '2024-12-09 00:13:08', '2024-12-09 00:13:08', 33, NULL),
(898, 'POUNGOU IMENO', 1, 4, '2024-12-09 00:13:08', '2024-12-09 00:13:08', 33, NULL),
(899, 'ECOLE PRIVEE CATH BAPOSSO', 1, 4, '2024-12-09 00:13:08', '2024-12-09 00:13:08', 34, NULL),
(900, 'ECOLE PRIVEE CATH (MOUEKI)', 1, 4, '2024-12-09 00:13:08', '2024-12-09 00:13:08', 34, NULL),
(901, 'ECOLE PRIVEE PROT. (BIBAMBA)', 1, 4, '2024-12-09 00:13:08', '2024-12-09 00:13:08', 34, NULL),
(902, 'ECOLE PUBLIQUE', 1, 4, '2024-12-09 00:13:08', '2024-12-09 00:13:08', 34, NULL),
(903, 'HANGAR (LONGO)', 1, 4, '2024-12-09 00:13:08', '2024-12-09 00:13:08', 34, NULL),
(904, 'LEPEPE', 1, 4, '2024-12-09 00:13:08', '2024-12-09 00:13:08', 34, NULL),
(905, 'ECOLE PUBLIQUE LEVINDA', 1, 4, '2024-12-09 00:13:08', '2024-12-09 00:13:08', 34, NULL),
(906, 'LEVINDA 2', 1, 4, '2024-12-09 00:13:08', '2024-12-09 00:13:08', 34, NULL),
(907, 'ECOLE ALL. CHRET LEYONGA', 1, 4, '2024-12-09 00:13:08', '2024-12-09 00:13:08', 34, NULL),
(908, 'MADIBA', 1, 4, '2024-12-09 00:13:08', '2024-12-09 00:13:08', 34, NULL),
(909, 'MAMBONGA', 1, 4, '2024-12-09 00:13:08', '2024-12-09 00:13:08', 34, NULL),
(910, 'MAYIGHA (HANGAR)', 1, 4, '2024-12-09 00:13:08', '2024-12-09 00:13:08', 34, NULL),
(911, 'ECOLE PUBLIQUE MBENGAMAMBA', 1, 4, '2024-12-09 00:13:08', '2024-12-09 00:13:08', 34, NULL),
(912, 'ECOLE CATHOLIQUE MBOMO', 1, 4, '2024-12-09 00:13:08', '2024-12-09 00:13:08', 34, NULL),
(913, 'MIKOVANDZA (CHEF DE VILLAGE)', 1, 4, '2024-12-09 00:13:08', '2024-12-09 00:13:08', 34, NULL),
(914, 'ECOLE PUBLIQUE MINTSANDZA', 1, 4, '2024-12-09 00:13:08', '2024-12-09 00:13:08', 34, NULL),
(915, 'MOMBI', 1, 4, '2024-12-09 00:13:08', '2024-12-09 00:13:08', 34, NULL),
(916, 'ECOLE CATHOLIQUE MOUKIMBI', 1, 4, '2024-12-09 00:13:08', '2024-12-09 00:13:08', 34, NULL),
(917, 'ECOLE ALL CHRET.MOUKOUAGNA', 1, 4, '2024-12-09 00:13:08', '2024-12-09 00:13:08', 34, NULL),
(918, 'NDZINDZI', 1, 4, '2024-12-09 00:13:08', '2024-12-09 00:13:08', 34, NULL),
(919, 'BAGNARA', 1, 5, '2024-12-09 00:13:08', '2024-12-09 00:13:08', 35, 1),
(920, 'CES HORIZON BASE BIBORA', 1, 5, '2024-12-09 00:13:08', '2024-12-09 00:13:08', 35, 1),
(921, 'CENTRE VILLE', 1, 5, '2024-12-09 00:13:08', '2024-12-09 00:13:08', 35, 1),
(922, 'DIGOUNZI', 1, 5, '2024-12-09 00:13:08', '2024-12-09 00:13:08', 35, 1),
(923, 'DOUGHENY', 1, 5, '2024-12-09 00:13:08', '2024-12-09 00:13:08', 35, 1),
(924, 'DOUKOUMOU', 1, 5, '2024-12-09 00:13:08', '2024-12-09 00:13:08', 35, 1),
(925, 'ECOLE COMMUNALE –C NDABILILA 2', 1, 5, '2024-12-09 00:13:08', '2024-12-09 00:13:08', 35, 1),
(926, 'ECOLE SAINT JOSEPH', 1, 5, '2024-12-09 00:13:08', '2024-12-09 00:13:08', 35, 1),
(927, 'IDOUMA', 1, 5, '2024-12-09 00:13:08', '2024-12-09 00:13:08', 35, 1),
(928, 'KERI NZAMBI', 1, 5, '2024-12-09 00:13:08', '2024-12-09 00:13:08', 35, 1),
(929, 'LYCEE NAZAIRE BOULINGUI', 1, 5, '2024-12-09 00:13:08', '2024-12-09 00:13:08', 35, 1),
(930, 'MAKABANA', 1, 5, '2024-12-09 00:13:08', '2024-12-09 00:13:08', 35, 1),
(931, 'MIGOMA', 1, 5, '2024-12-09 00:13:08', '2024-12-09 00:13:08', 35, 1),
(932, 'ANCIEN CES HORIZON (MINZANZALA II)', 1, 5, '2024-12-09 00:13:08', '2024-12-09 00:13:08', 35, 1),
(933, 'NDABILILA 1 (EDUCATION POPULAIRE)', 1, 5, '2024-12-09 00:13:08', '2024-12-09 00:13:08', 35, 1),
(934, 'NDENGA', 1, 5, '2024-12-09 00:13:08', '2024-12-09 00:13:08', 35, 1),
(935, 'NOTRE DAME', 1, 5, '2024-12-09 00:13:08', '2024-12-09 00:13:08', 35, 1),
(936, 'ECOLE COMMUNALE G. POLA II', 1, 5, '2024-12-09 00:13:08', '2024-12-09 00:13:08', 35, 1),
(937, 'ECOLE COMMUNALE E BATSIENGUI 1', 1, 5, '2024-12-09 00:13:08', '2024-12-09 00:13:08', 35, 2),
(938, 'ECOLE COMMUNALE BATSIENGUI 2', 1, 5, '2024-12-09 00:13:08', '2024-12-09 00:13:08', 35, 2),
(939, 'ECOLE PROTESTANTE', 1, 5, '2024-12-09 00:13:08', '2024-12-09 00:13:08', 35, 2),
(940, 'ECOLE COMMUNALE A INGARA 1', 1, 5, '2024-12-09 00:13:08', '2024-12-09 00:13:08', 35, 2),
(941, 'ECOLE COMMUNALE H INGARA 2-3', 1, 5, '2024-12-09 00:13:08', '2024-12-09 00:13:08', 35, 2),
(942, 'LYCEE PROFESSIONNEL', 1, 5, '2024-12-09 00:13:08', '2024-12-09 00:13:08', 35, 2),
(943, 'ECOLE COMMUNALE F MAVOUNDI', 1, 5, '2024-12-09 00:13:08', '2024-12-09 00:13:08', 35, 2),
(944, 'ECOLE COMMUNALE B MOUKENGA 2', 1, 5, '2024-12-09 00:13:08', '2024-12-09 00:13:08', 35, 2),
(945, 'ECOLE COMMUNALE D MOUKENGA 3', 1, 5, '2024-12-09 00:13:08', '2024-12-09 00:13:08', 35, 2),
(946, 'DIGOUDOU', 1, 5, '2024-12-09 00:13:08', '2024-12-09 00:13:08', 36, NULL),
(947, 'DOUGANDOU', 1, 5, '2024-12-09 00:13:08', '2024-12-09 00:13:08', 36, NULL),
(948, 'DOUSSEGOUSSOU', 1, 5, '2024-12-09 00:13:08', '2024-12-09 00:13:08', 36, NULL),
(949, 'ILALA', 1, 5, '2024-12-09 00:13:08', '2024-12-09 00:13:08', 36, NULL),
(950, 'IMANGUE PLANTEUR', 1, 5, '2024-12-09 00:13:08', '2024-12-09 00:13:08', 36, NULL),
(951, 'LOUANGO', 1, 5, '2024-12-09 00:13:08', '2024-12-09 00:13:08', 36, NULL),
(952, 'MILOLO', 1, 5, '2024-12-09 00:13:08', '2024-12-09 00:13:08', 36, NULL),
(953, 'MOUGAMBOU DIMBOU', 1, 5, '2024-12-09 00:13:08', '2024-12-09 00:13:08', 36, NULL),
(954, 'MOUNANGA', 1, 5, '2024-12-09 00:13:08', '2024-12-09 00:13:08', 36, NULL),
(955, 'MOUNIONZI', 1, 5, '2024-12-09 00:13:08', '2024-12-09 00:13:08', 36, NULL),
(956, 'MOUTSOUBIRI', 1, 5, '2024-12-09 00:13:08', '2024-12-09 00:13:08', 36, NULL),
(957, 'NZIENZILI', 1, 5, '2024-12-09 00:13:08', '2024-12-09 00:13:08', 36, NULL),
(958, 'TONO', 1, 5, '2024-12-09 00:13:08', '2024-12-09 00:13:08', 36, NULL),
(959, 'VIEUX TONO', 1, 5, '2024-12-09 00:13:08', '2024-12-09 00:13:08', 36, NULL),
(960, 'DIKOUTOU', 1, 5, '2024-12-09 00:13:08', '2024-12-09 00:13:08', 36, NULL),
(961, 'MABOURIGA', 1, 5, '2024-12-09 00:13:08', '2024-12-09 00:13:08', 36, NULL),
(962, 'MANDILOU 2', 1, 5, '2024-12-09 00:13:08', '2024-12-09 00:13:08', 36, NULL),
(963, 'MOUEDJI', 1, 5, '2024-12-09 00:13:08', '2024-12-09 00:13:08', 36, NULL),
(964, 'NDENGUILILA', 1, 5, '2024-12-09 00:13:08', '2024-12-09 00:13:08', 36, NULL),
(965, 'PENIOUNDOU', 1, 5, '2024-12-09 00:13:08', '2024-12-09 00:13:08', 36, NULL),
(966, 'BASE PEDAGOGIQUE MIAMBA', 1, 5, '2024-12-09 00:13:08', '2024-12-09 00:13:08', 37, NULL),
(967, 'CENTRE SOCIAL MOABI 10- ECOLE MANDILOU', 1, 5, '2024-12-09 00:13:08', '2024-12-09 00:13:08', 37, NULL),
(968, 'CES BILENGUI', 1, 5, '2024-12-09 00:13:08', '2024-12-09 00:13:08', 37, NULL),
(969, 'ECOLE MOUKOKO MBAKA', 1, 5, '2024-12-09 00:13:08', '2024-12-09 00:13:08', 37, NULL),
(970, 'ECOLE PROTESTANTE. (MOUDIBA PUTU NENI)', 1, 5, '2024-12-09 00:13:08', '2024-12-09 00:13:08', 37, NULL),
(971, 'ECOLE PUBLIQUE A (MOTOUMBA DJABA)', 1, 5, '2024-12-09 00:13:08', '2024-12-09 00:13:08', 37, NULL),
(972, 'ECOLE PUBLIQUE B (MISSAFOU)', 1, 5, '2024-12-09 00:13:08', '2024-12-09 00:13:08', 37, NULL),
(973, 'ECOLE ST KISITO (MOUGOUNA)', 1, 5, '2024-12-09 00:13:08', '2024-12-09 00:13:08', 37, NULL),
(974, 'ECOLE DOUGASSOU', 1, 5, '2024-12-09 00:13:08', '2024-12-09 00:13:08', 37, NULL),
(975, 'ECOLE MANDILOU', 1, 5, '2024-12-09 00:13:08', '2024-12-09 00:13:08', 37, NULL),
(976, 'ECOLE NGUENDA', 1, 5, '2024-12-09 00:13:08', '2024-12-09 00:13:08', 37, NULL),
(977, 'MABALA', 1, 5, '2024-12-09 00:13:08', '2024-12-09 00:13:08', 37, NULL),
(978, 'MBAMBA', 1, 5, '2024-12-09 00:13:08', '2024-12-09 00:13:08', 37, NULL),
(979, 'MBILA NYAMBI', 1, 5, '2024-12-09 00:13:08', '2024-12-09 00:13:08', 37, NULL),
(980, 'NGANGALA', 1, 5, '2024-12-09 00:13:08', '2024-12-09 00:13:08', 37, NULL),
(981, 'BOUGOULOU', 2, 5, '2024-12-09 00:13:08', '2024-12-09 00:13:08', 37, NULL),
(982, 'BOUNOUNGA', 2, 5, '2024-12-09 00:13:08', '2024-12-09 00:13:08', 37, NULL),
(983, 'BOUTEMBI', 2, 5, '2024-12-09 00:13:08', '2024-12-09 00:13:08', 37, NULL),
(984, 'DOUSSALA', 2, 5, '2024-12-09 00:13:08', '2024-12-09 00:13:08', 37, NULL),
(985, 'KONDZI', 2, 5, '2024-12-09 00:13:08', '2024-12-09 00:13:08', 37, NULL),
(986, 'MALOLO', 2, 5, '2024-12-09 00:13:08', '2024-12-09 00:13:08', 37, NULL),
(987, 'MBOUNGOU', 2, 5, '2024-12-09 00:13:08', '2024-12-09 00:13:08', 37, NULL),
(988, 'MIVEMBA MBORTO', 2, 5, '2024-12-09 00:13:08', '2024-12-09 00:13:08', 37, NULL),
(989, 'MOKABE', 2, 5, '2024-12-09 00:13:08', '2024-12-09 00:13:08', 37, NULL),
(990, 'MOUKOUALOU', 2, 5, '2024-12-09 00:13:08', '2024-12-09 00:13:08', 37, NULL),
(991, 'MOURINDI', 2, 5, '2024-12-09 00:13:08', '2024-12-09 00:13:08', 37, NULL),
(992, 'MOUSSAMOU KOUBOU', 2, 5, '2024-12-09 00:13:08', '2024-12-09 00:13:08', 37, NULL),
(993, 'PAHOU NZAMBI', 2, 5, '2024-12-09 00:13:08', '2024-12-09 00:13:08', 37, NULL),
(994, 'RINA NZALA', 2, 5, '2024-12-09 00:13:08', '2024-12-09 00:13:08', 37, NULL),
(995, 'BANA AVIATION', 1, 5, '2024-12-09 00:13:08', '2024-12-09 00:13:08', 38, NULL),
(996, 'DISPENSAIRE TCHIOLE NDEMBET', 1, 5, '2024-12-09 00:13:08', '2024-12-09 00:13:08', 38, NULL),
(997, 'ECOLE PUBLIQUE FOUIKA', 1, 5, '2024-12-09 00:13:08', '2024-12-09 00:13:08', 38, NULL),
(998, 'ECOLE KOUANGO', 1, 5, '2024-12-09 00:13:08', '2024-12-09 00:13:08', 38, NULL),
(999, 'LYCEE JEAN BAPTISTE MOANDA (MABOUNDA)', 1, 5, '2024-12-09 00:13:08', '2024-12-09 00:13:08', 38, NULL),
(1000, 'PREFECTURE DOUANES', 1, 5, '2024-12-09 00:13:08', '2024-12-09 00:13:08', 38, NULL),
(1001, 'SAINT ANTOINE', 1, 5, '2024-12-09 00:13:08', '2024-12-09 00:13:08', 38, NULL),
(1002, 'BILANGA', 2, 5, '2024-12-09 00:13:08', '2024-12-09 00:13:08', 38, NULL),
(1003, 'DITOUBA', 2, 5, '2024-12-09 00:13:08', '2024-12-09 00:13:08', 38, NULL),
(1004, 'DOUIGNY', 2, 5, '2024-12-09 00:13:08', '2024-12-09 00:13:08', 38, NULL),
(1005, 'LOUANDO', 2, 5, '2024-12-09 00:13:08', '2024-12-09 00:13:08', 38, NULL),
(1006, 'LOUBOMO', 2, 5, '2024-12-09 00:13:08', '2024-12-09 00:13:08', 38, NULL),
(1007, 'MALOUNGA I', 2, 5, '2024-12-09 00:13:08', '2024-12-09 00:13:08', 38, NULL),
(1008, 'MALOUNGA II', 2, 5, '2024-12-09 00:13:08', '2024-12-09 00:13:08', 38, NULL),
(1009, 'MANGALI', 2, 5, '2024-12-09 00:13:08', '2024-12-09 00:13:08', 38, NULL),
(1010, 'MIRENDA', 2, 5, '2024-12-09 00:13:08', '2024-12-09 00:13:08', 38, NULL),
(1011, 'MIVEMBA', 2, 5, '2024-12-09 00:13:08', '2024-12-09 00:13:08', 38, NULL),
(1012, 'MOUENDA', 2, 5, '2024-12-09 00:13:08', '2024-12-09 00:13:08', 38, NULL),
(1013, 'MOUGAGARA', 2, 5, '2024-12-09 00:13:08', '2024-12-09 00:13:08', 38, NULL),
(1014, 'MOULONDO', 2, 5, '2024-12-09 00:13:08', '2024-12-09 00:13:08', 38, NULL),
(1015, 'PANGA E -', 2, 5, '2024-12-09 00:13:08', '2024-12-09 00:13:08', 38, NULL),
(1016, 'VEMO', 2, 5, '2024-12-09 00:13:08', '2024-12-09 00:13:08', 38, NULL),
(1017, 'DOUMVOU', 2, 5, '2024-12-09 00:13:08', '2024-12-09 00:13:08', 38, NULL),
(1018, 'MALEMBET (MAMBI 2)', 2, 5, '2024-12-09 00:13:08', '2024-12-09 00:13:08', 38, NULL),
(1019, 'MAMBI I', 2, 5, '2024-12-09 00:13:08', '2024-12-09 00:13:08', 38, NULL),
(1020, 'PILAKOUMBI', 2, 5, '2024-12-09 00:13:08', '2024-12-09 00:13:08', 38, NULL),
(1021, 'ECOLE PUBLIQUE CENTRE VILLE', 1, 5, '2024-12-09 00:13:08', '2024-12-09 00:13:08', 39, NULL),
(1022, 'GNENZE MOGNO', 1, 5, '2024-12-09 00:13:08', '2024-12-09 00:13:08', 39, NULL),
(1023, 'KALA BOUBOTE', 1, 5, '2024-12-09 00:13:08', '2024-12-09 00:13:08', 39, NULL),
(1024, 'MALEMBE', 1, 5, '2024-12-09 00:13:08', '2024-12-09 00:13:08', 39, NULL),
(1025, 'MINKOUMI', 1, 5, '2024-12-09 00:13:08', '2024-12-09 00:13:08', 39, NULL),
(1026, 'PK12 CARREFOUR', 1, 5, '2024-12-09 00:13:08', '2024-12-09 00:13:08', 39, NULL),
(1027, 'RINA NZALA', 1, 5, '2024-12-09 00:13:08', '2024-12-09 00:13:08', 39, NULL),
(1028, 'TALA ZAMBI', 1, 5, '2024-12-09 00:13:08', '2024-12-09 00:13:08', 39, NULL),
(1029, 'TCHIANZY', 1, 5, '2024-12-09 00:13:08', '2024-12-09 00:13:08', 39, NULL),
(1030, 'TIYA', 1, 5, '2024-12-09 00:13:08', '2024-12-09 00:13:08', 39, NULL),
(1031, 'YOYO', 1, 5, '2024-12-09 00:13:08', '2024-12-09 00:13:08', 39, NULL),
(1032, 'BAMBOMA', 1, 5, '2024-12-09 00:13:08', '2024-12-09 00:13:08', 40, NULL),
(1033, 'BANDA MAMBA', 1, 5, '2024-12-09 00:13:08', '2024-12-09 00:13:08', 40, NULL),
(1034, 'BIKOKO', 1, 5, '2024-12-09 00:13:08', '2024-12-09 00:13:08', 40, NULL),
(1035, 'CHANTIER', 1, 5, '2024-12-09 00:13:08', '2024-12-09 00:13:08', 40, NULL),
(1036, 'DONGO', 1, 5, '2024-12-09 00:13:08', '2024-12-09 00:13:08', 40, NULL),
(1037, 'DOUANO I', 1, 5, '2024-12-09 00:13:08', '2024-12-09 00:13:08', 40, NULL),
(1038, 'DOUANO II', 1, 5, '2024-12-09 00:13:08', '2024-12-09 00:13:08', 40, NULL),
(1039, 'DOUNDZADZA', 1, 5, '2024-12-09 00:13:08', '2024-12-09 00:13:08', 40, NULL),
(1040, 'DOUVOULI', 1, 5, '2024-12-09 00:13:08', '2024-12-09 00:13:08', 40, NULL),
(1041, 'ECOLE PUBLIQUE NGONGO', 1, 5, '2024-12-09 00:13:08', '2024-12-09 00:13:08', 40, NULL),
(1042, 'ILOUNGA', 1, 5, '2024-12-09 00:13:08', '2024-12-09 00:13:08', 40, NULL),
(1043, 'KOTA', 1, 5, '2024-12-09 00:13:08', '2024-12-09 00:13:08', 40, NULL),
(1044, 'KOUMOU DOUSSALA', 1, 5, '2024-12-09 00:13:08', '2024-12-09 00:13:08', 40, NULL),
(1045, 'MBANGA', 1, 5, '2024-12-09 00:13:08', '2024-12-09 00:13:08', 40, NULL),
(1046, 'MOUNGOUDI', 1, 5, '2024-12-09 00:13:08', '2024-12-09 00:13:08', 40, NULL),
(1047, 'NYALI', 1, 5, '2024-12-09 00:13:08', '2024-12-09 00:13:08', 40, NULL),
(1048, 'NZINGA', 1, 5, '2024-12-09 00:13:08', '2024-12-09 00:13:08', 40, NULL),
(1049, 'PANZA', 1, 5, '2024-12-09 00:13:08', '2024-12-09 00:13:08', 40, NULL),
(1050, 'BAYADI', 1, 5, '2024-12-09 00:13:08', '2024-12-09 00:13:08', 41, NULL),
(1051, 'BIGOUNDOU GUIHA', 1, 5, '2024-12-09 00:13:08', '2024-12-09 00:13:08', 41, NULL),
(1052, 'BIKAMBA', 1, 5, '2024-12-09 00:13:08', '2024-12-09 00:13:08', 41, NULL),
(1053, 'CENTRE VILLE', 1, 5, '2024-12-09 00:13:08', '2024-12-09 00:13:08', 41, NULL),
(1054, 'DIBOR DIBORA', 1, 5, '2024-12-09 00:13:08', '2024-12-09 00:13:08', 41, NULL),
(1055, 'DILEMBA', 1, 5, '2024-12-09 00:13:08', '2024-12-09 00:13:08', 41, NULL),
(1056, 'DOUMANGA', 1, 5, '2024-12-09 00:13:08', '2024-12-09 00:13:08', 41, NULL),
(1057, 'DOUVOYE', 1, 5, '2024-12-09 00:13:08', '2024-12-09 00:13:08', 41, NULL),
(1058, 'GNOUMBETSI', 1, 5, '2024-12-09 00:13:08', '2024-12-09 00:13:08', 41, NULL),
(1059, 'IKOLI', 1, 5, '2024-12-09 00:13:08', '2024-12-09 00:13:08', 41, NULL),
(1060, 'MAGONGA', 1, 5, '2024-12-09 00:13:08', '2024-12-09 00:13:08', 41, NULL),
(1061, 'MAHANDI MONUMBUMBA', 1, 5, '2024-12-09 00:13:08', '2024-12-09 00:13:08', 41, NULL),
(1062, 'MIASSA', 1, 5, '2024-12-09 00:13:09', '2024-12-09 00:13:09', 41, NULL),
(1063, 'MOULENGUI BINDZA', 1, 5, '2024-12-09 00:13:09', '2024-12-09 00:13:09', 41, NULL),
(1064, 'PC NYANGA SIAT', 1, 5, '2024-12-09 00:13:09', '2024-12-09 00:13:09', 41, NULL),
(1065, 'RINA NZALA', 1, 5, '2024-12-09 00:13:09', '2024-12-09 00:13:09', 41, NULL),
(1066, 'VOUNGOU SOGADEL', 1, 5, '2024-12-09 00:13:09', '2024-12-09 00:13:09', 41, NULL),
(1067, 'CONSEIL DEPARTEMENTAL 1', 1, 6, '2024-12-09 00:13:09', '2024-12-09 00:13:09', 42, 1),
(1068, 'EBANDAGOYE', 1, 6, '2024-12-09 00:13:09', '2024-12-09 00:13:09', 42, 1),
(1069, 'E COLE COMMUNALE A', 1, 6, '2024-12-09 00:13:09', '2024-12-09 00:13:09', 42, 1),
(1070, 'ECOLE DE SANTE', 1, 6, '2024-12-09 00:13:09', '2024-12-09 00:13:09', 42, 1),
(1071, 'ECOLE PUBLIQUE EPASSENDJE I', 1, 6, '2024-12-09 00:13:09', '2024-12-09 00:13:09', 42, 1),
(1072, 'ECOLE PUBLIQUE EPASSENDJE II', 1, 6, '2024-12-09 00:13:09', '2024-12-09 00:13:09', 42, 1),
(1073, 'ECOLE PUBLIQUE MBOLO 3', 1, 6, '2024-12-09 00:13:09', '2024-12-09 00:13:09', 42, 1),
(1074, 'ECOLE ZOATAB', 1, 6, '2024-12-09 00:13:09', '2024-12-09 00:13:09', 42, 1),
(1075, 'EDOUNG AVION 1', 1, 6, '2024-12-09 00:13:09', '2024-12-09 00:13:09', 42, 1),
(1076, 'LYOKO NGOTA (RESIDENCE CHEF DE QUARTIER', 1, 6, '2024-12-09 00:13:09', '2024-12-09 00:13:09', 42, 1),
(1077, 'MBEZA', 1, 6, '2024-12-09 00:13:09', '2024-12-09 00:13:09', 42, 1),
(1078, 'MBOLO 2', 1, 6, '2024-12-09 00:13:09', '2024-12-09 00:13:09', 42, 1),
(1079, 'PALAIS DE JUSTICE', 1, 6, '2024-12-09 00:13:09', '2024-12-09 00:13:09', 42, 1),
(1080, 'COLLEGE ESSIA', 1, 6, '2024-12-09 00:13:09', '2024-12-09 00:13:09', 42, 2),
(1081, 'ECOLE PUBLIQUE D’EKOWONG', 2, 6, '2024-12-09 00:13:09', '2024-12-09 00:13:09', 42, 2),
(1082, 'ECOLE PUBLIQUE MARIEN NGOUABI', 2, 6, '2024-12-09 00:13:09', '2024-12-09 00:13:09', 42, 2),
(1083, 'EDOUNG AVION 2', 2, 6, '2024-12-09 00:13:09', '2024-12-09 00:13:09', 42, 2),
(1084, 'MBESS', 2, 6, '2024-12-09 00:13:09', '2024-12-09 00:13:09', 42, 2),
(1085, 'ADOUE', 2, 6, '2024-12-09 00:13:09', '2024-12-09 00:13:09', 42, 2),
(1086, 'MINKOUALA', 2, 6, '2024-12-09 00:13:09', '2024-12-09 00:13:09', 42, 2),
(1087, 'NTSENGKELE', 2, 6, '2024-12-09 00:13:09', '2024-12-09 00:13:09', 42, 2),
(1088, 'NTSIBELONG I', 2, 6, '2024-12-09 00:13:09', '2024-12-09 00:13:09', 42, 2),
(1089, 'NTSIBELONG II', 2, 6, '2024-12-09 00:13:09', '2024-12-09 00:13:09', 42, 2),
(1090, 'ANDOCK (CHEF QUARTIER)', 2, 6, '2024-12-09 00:13:09', '2024-12-09 00:13:09', 42, 2),
(1091, 'NZING MEYONG (CHEF QUARTIER)', 2, 6, '2024-12-09 00:13:09', '2024-12-09 00:13:09', 42, 2),
(1092, 'LOALOA (CHEF QUARTIER)', 2, 6, '2024-12-09 00:13:09', '2024-12-09 00:13:09', 42, 2),
(1093, 'MAYIGA (CHEF QUARTIER)', 2, 6, '2024-12-09 00:13:09', '2024-12-09 00:13:09', 42, 2),
(1094, 'BATOUALA I', 1, 6, '2024-12-09 00:13:09', '2024-12-09 00:13:09', 43, NULL),
(1095, 'BATOUALA II', 1, 6, '2024-12-09 00:13:09', '2024-12-09 00:13:09', 43, NULL),
(1096, 'BOMBENDA', 1, 6, '2024-12-09 00:13:09', '2024-12-09 00:13:09', 43, NULL),
(1097, 'LA SCIERIE', 1, 6, '2024-12-09 00:13:09', '2024-12-09 00:13:09', 43, NULL),
(1098, 'LATTA', 1, 6, '2024-12-09 00:13:09', '2024-12-09 00:13:09', 43, NULL),
(1099, 'MASSAHA', 1, 6, '2024-12-09 00:13:09', '2024-12-09 00:13:09', 43, NULL),
(1100, 'MAYELA', 1, 6, '2024-12-09 00:13:09', '2024-12-09 00:13:09', 43, NULL),
(1101, 'NGAZI', 1, 6, '2024-12-09 00:13:09', '2024-12-09 00:13:09', 43, NULL),
(1102, 'NZE', 1, 6, '2024-12-09 00:13:09', '2024-12-09 00:13:09', 43, NULL),
(1103, 'PONT ZADIE', 1, 6, '2024-12-09 00:13:09', '2024-12-09 00:13:09', 43, NULL),
(1104, 'ZOOLENDE', 1, 6, '2024-12-09 00:13:09', '2024-12-09 00:13:09', 43, NULL),
(1105, 'ABOR', 2, 6, '2024-12-09 00:13:09', '2024-12-09 00:13:09', 43, NULL),
(1106, 'MANANGA', 2, 6, '2024-12-09 00:13:09', '2024-12-09 00:13:09', 43, NULL),
(1107, 'MBONDO', 2, 6, '2024-12-09 00:13:09', '2024-12-09 00:13:09', 43, NULL),
(1108, 'MEKOB', 2, 6, '2024-12-09 00:13:09', '2024-12-09 00:13:09', 43, NULL),
(1109, 'MESSEB', 2, 6, '2024-12-09 00:13:09', '2024-12-09 00:13:09', 43, NULL),
(1110, 'NDJENG', 2, 6, '2024-12-09 00:13:09', '2024-12-09 00:13:09', 43, NULL),
(1111, 'MAYIBOUTH I', 2, 6, '2024-12-09 00:13:09', '2024-12-09 00:13:09', 43, NULL),
(1112, 'MAYIBOUTH II', 2, 6, '2024-12-09 00:13:09', '2024-12-09 00:13:09', 43, NULL),
(1113, 'M’VADHY I', 2, 6, '2024-12-09 00:13:09', '2024-12-09 00:13:09', 43, NULL),
(1114, 'M’VADHY II', 2, 6, '2024-12-09 00:13:09', '2024-12-09 00:13:09', 43, NULL),
(1115, 'BAKWAKA', 3, 6, '2024-12-09 00:13:09', '2024-12-09 00:13:09', 43, NULL),
(1116, 'COCOMOICALA', 3, 6, '2024-12-09 00:13:09', '2024-12-09 00:13:09', 43, NULL),
(1117, 'EKOBAKOBA', 3, 6, '2024-12-09 00:13:09', '2024-12-09 00:13:09', 43, NULL),
(1118, 'ETAKANYABE', 3, 6, '2024-12-09 00:13:09', '2024-12-09 00:13:09', 43, NULL),
(1119, 'HENDJE', 3, 6, '2024-12-09 00:13:09', '2024-12-09 00:13:09', 43, NULL),
(1120, 'INDOMBO', 3, 6, '2024-12-09 00:13:09', '2024-12-09 00:13:09', 43, NULL),
(1121, 'MAKEBE', 3, 6, '2024-12-09 00:13:09', '2024-12-09 00:13:09', 43, NULL),
(1122, 'MBELA', 3, 6, '2024-12-09 00:13:09', '2024-12-09 00:13:09', 43, NULL),
(1123, 'MBOMO', 3, 6, '2024-12-09 00:13:09', '2024-12-09 00:13:09', 43, NULL),
(1124, 'MBOUNDOU', 3, 6, '2024-12-09 00:13:09', '2024-12-09 00:13:09', 43, NULL),
(1125, 'MELONDOMIOLE', 3, 6, '2024-12-09 00:13:09', '2024-12-09 00:13:09', 43, NULL),
(1126, 'MOHOBA MOZEHE', 3, 6, '2024-12-09 00:13:09', '2024-12-09 00:13:09', 43, NULL),
(1127, 'NTSIETE', 3, 6, '2024-12-09 00:13:09', '2024-12-09 00:13:09', 43, NULL),
(1128, 'TROUWAYA', 3, 6, '2024-12-09 00:13:09', '2024-12-09 00:13:09', 43, NULL),
(1129, 'YOKO MILIEU', 3, 6, '2024-12-09 00:13:09', '2024-12-09 00:13:09', 43, NULL),
(1130, 'ZOOLENDE', 3, 6, '2024-12-09 00:13:09', '2024-12-09 00:13:09', 43, NULL),
(1131, 'BANGADI', 1, 6, '2024-12-09 00:13:09', '2024-12-09 00:13:09', 44, NULL),
(1132, 'BONAMAZA', 1, 6, '2024-12-09 00:13:09', '2024-12-09 00:13:09', 44, NULL),
(1133, 'CES MEKAMBO', 1, 6, '2024-12-09 00:13:09', '2024-12-09 00:13:09', 44, NULL),
(1134, 'DJIBO MAYEKA', 1, 6, '2024-12-09 00:13:09', '2024-12-09 00:13:09', 44, NULL),
(1135, 'ECOLE PUBLIQUE', 1, 6, '2024-12-09 00:13:09', '2024-12-09 00:13:09', 44, NULL),
(1136, 'HEANZO', 1, 6, '2024-12-09 00:13:09', '2024-12-09 00:13:09', 44, NULL),
(1137, 'IKEIBOCA-BOCA', 1, 6, '2024-12-09 00:13:09', '2024-12-09 00:13:09', 44, NULL),
(1138, 'INGOLANDJODJO', 1, 6, '2024-12-09 00:13:09', '2024-12-09 00:13:09', 44, NULL),
(1139, 'MANDOMBO II', 1, 6, '2024-12-09 00:13:09', '2024-12-09 00:13:09', 44, NULL),
(1140, 'MATOTE', 1, 6, '2024-12-09 00:13:09', '2024-12-09 00:13:09', 44, NULL),
(1141, 'MBELA -BAYA', 1, 6, '2024-12-09 00:13:09', '2024-12-09 00:13:09', 44, NULL),
(1142, 'MBELAKEMBE', 1, 6, '2024-12-09 00:13:09', '2024-12-09 00:13:09', 44, NULL),
(1143, 'ZADINDOUE', 1, 6, '2024-12-09 00:13:09', '2024-12-09 00:13:09', 44, NULL),
(1144, 'ZAMBAKANGAKA', 1, 6, '2024-12-09 00:13:09', '2024-12-09 00:13:09', 44, NULL),
(1145, 'EKATA', 2, 6, '2024-12-09 00:13:09', '2024-12-09 00:13:09', 44, NULL),
(1146, 'ETSELA ENDOUNGA', 2, 6, '2024-12-09 00:13:09', '2024-12-09 00:13:09', 44, NULL),
(1147, 'ILAHOUNENE', 2, 6, '2024-12-09 00:13:09', '2024-12-09 00:13:09', 44, NULL),
(1148, 'KOMAMBELA', 2, 6, '2024-12-09 00:13:09', '2024-12-09 00:13:09', 44, NULL),
(1149, 'MALASSA', 2, 6, '2024-12-09 00:13:09', '2024-12-09 00:13:09', 44, NULL),
(1150, 'MALOUMA', 2, 6, '2024-12-09 00:13:09', '2024-12-09 00:13:09', 44, NULL),
(1151, 'MBENZA', 2, 6, '2024-12-09 00:13:09', '2024-12-09 00:13:09', 44, NULL),
(1152, 'MEKOUMA', 2, 6, '2024-12-09 00:13:09', '2024-12-09 00:13:09', 44, NULL),
(1153, 'MENDEMBA', 2, 6, '2024-12-09 00:13:09', '2024-12-09 00:13:09', 44, NULL),
(1154, 'PARIS BOUYON', 2, 6, '2024-12-09 00:13:09', '2024-12-09 00:13:09', 44, NULL),
(1155, 'NTOLO', 2, 6, '2024-12-09 00:13:09', '2024-12-09 00:13:09', 44, NULL),
(1156, 'VIE CHERE (NGOLAMAYONG)', 2, 6, '2024-12-09 00:13:09', '2024-12-09 00:13:09', 44, NULL),
(1157, 'VIE DURE', 2, 6, '2024-12-09 00:13:09', '2024-12-09 00:13:09', 44, NULL),
(1158, 'BATOUALA', 3, 6, '2024-12-09 00:13:09', '2024-12-09 00:13:09', 44, NULL),
(1159, 'EGO POMA', 3, 6, '2024-12-09 00:13:09', '2024-12-09 00:13:09', 44, NULL),
(1160, 'ETAKANGAYE', 3, 6, '2024-12-09 00:13:09', '2024-12-09 00:13:09', 44, NULL),
(1161, 'IBEA', 3, 6, '2024-12-09 00:13:09', '2024-12-09 00:13:09', 44, NULL),
(1162, 'IMBONG', 3, 6, '2024-12-09 00:13:09', '2024-12-09 00:13:09', 44, NULL),
(1163, 'MASSOMBO', 3, 6, '2024-12-09 00:13:09', '2024-12-09 00:13:09', 44, NULL),
(1164, 'MAZINGO', 3, 6, '2024-12-09 00:13:09', '2024-12-09 00:13:09', 44, NULL),
(1165, 'MBEMBEZALE', 3, 6, '2024-12-09 00:13:09', '2024-12-09 00:13:09', 44, NULL),
(1166, 'TOUMBI II', 3, 6, '2024-12-09 00:13:09', '2024-12-09 00:13:09', 44, NULL),
(1167, 'ZOULA', 3, 6, '2024-12-09 00:13:09', '2024-12-09 00:13:09', 44, NULL),
(1168, 'ASCHOUKA', 1, 6, '2024-12-09 00:13:09', '2024-12-09 00:13:09', 45, NULL),
(1169, 'ASSALA MIELE', 1, 6, '2024-12-09 00:13:09', '2024-12-09 00:13:09', 45, NULL),
(1170, 'ATSOMBIAL', 1, 6, '2024-12-09 00:13:09', '2024-12-09 00:13:09', 45, NULL),
(1171, 'AYEM GARE', 1, 6, '2024-12-09 00:13:09', '2024-12-09 00:13:09', 45, NULL),
(1172, 'BALEM 1 ET 2', 1, 6, '2024-12-09 00:13:09', '2024-12-09 00:13:09', 45, NULL);
INSERT INTO `centrevotes` (`id`, `centrevote`, `siege_id`, `province_id`, `created_at`, `updated_at`, `commoudept_id`, `arrondissement_id`) VALUES
(1173, 'CES BOOUE', 1, 6, '2024-12-09 00:13:09', '2024-12-09 00:13:09', 45, NULL),
(1174, 'CENTRE VILLE 1', 1, 6, '2024-12-09 00:13:09', '2024-12-09 00:13:09', 45, NULL),
(1175, 'CENTRE VILLE 2', 1, 6, '2024-12-09 00:13:09', '2024-12-09 00:13:09', 45, NULL),
(1176, 'ECOLE PUBLIQUE LOPE CENTRE', 1, 6, '2024-12-09 00:13:09', '2024-12-09 00:13:09', 45, NULL),
(1177, 'INZANZA', 1, 6, '2024-12-09 00:13:09', '2024-12-09 00:13:09', 45, NULL),
(1178, 'KAZAMABIKA', 1, 6, '2024-12-09 00:13:09', '2024-12-09 00:13:09', 45, NULL),
(1179, 'KONGO MBOUMBA', 1, 6, '2024-12-09 00:13:09', '2024-12-09 00:13:09', 45, NULL),
(1180, 'LINZE', 1, 6, '2024-12-09 00:13:09', '2024-12-09 00:13:09', 45, NULL),
(1181, 'MAKOGHE', 1, 6, '2024-12-09 00:13:09', '2024-12-09 00:13:09', 45, NULL),
(1182, 'MASSENGUELANI', 1, 6, '2024-12-09 00:13:09', '2024-12-09 00:13:09', 45, NULL),
(1183, 'MASSOUKOU ET KEKELE', 1, 6, '2024-12-09 00:13:09', '2024-12-09 00:13:09', 45, NULL),
(1184, 'MIKONGO 1 ET 2', 1, 6, '2024-12-09 00:13:09', '2024-12-09 00:13:09', 45, NULL),
(1185, 'MOUYABI', 1, 6, '2024-12-09 00:13:09', '2024-12-09 00:13:09', 45, NULL),
(1186, 'PK ZERO', 1, 6, '2024-12-09 00:13:09', '2024-12-09 00:13:09', 45, NULL),
(1187, 'POTEAU CIMENT ET KANK (ABENELANG)', 1, 6, '2024-12-09 00:13:09', '2024-12-09 00:13:09', 45, NULL),
(1188, 'ROUGIER IVINDO (MANGOUMBA)', 1, 6, '2024-12-09 00:13:09', '2024-12-09 00:13:09', 45, NULL),
(1189, 'SETRAG (TRANSGABONAIS)', 1, 6, '2024-12-09 00:13:09', '2024-12-09 00:13:09', 45, NULL),
(1190, 'AKOBA BISSOBILAM', 2, 6, '2024-12-09 00:13:09', '2024-12-09 00:13:09', 45, NULL),
(1191, 'BALIMBA', 2, 6, '2024-12-09 00:13:09', '2024-12-09 00:13:09', 45, NULL),
(1192, 'DJIDJI 1 ET 2', 2, 6, '2024-12-09 00:13:09', '2024-12-09 00:13:09', 45, NULL),
(1193, 'LABOKA 1 ET 2', 2, 6, '2024-12-09 00:13:09', '2024-12-09 00:13:09', 45, NULL),
(1194, 'LASSIO ET MATORA', 2, 6, '2024-12-09 00:13:09', '2024-12-09 00:13:09', 45, NULL),
(1195, 'LOLO 1 ET 2', 2, 6, '2024-12-09 00:13:09', '2024-12-09 00:13:09', 45, NULL),
(1196, 'MBADI (AKIGUELAM)', 2, 6, '2024-12-09 00:13:09', '2024-12-09 00:13:09', 45, NULL),
(1197, 'NZAFIENG', 2, 6, '2024-12-09 00:13:09', '2024-12-09 00:13:09', 45, NULL),
(1198, 'OUSSA ET MBOMAO', 2, 6, '2024-12-09 00:13:09', '2024-12-09 00:13:09', 45, NULL),
(1199, 'YEN', 2, 6, '2024-12-09 00:13:09', '2024-12-09 00:13:09', 45, NULL),
(1200, 'AYOL', 1, 6, '2024-12-09 00:13:09', '2024-12-09 00:13:09', 46, NULL),
(1201, 'BINGOMA', 1, 6, '2024-12-09 00:13:09', '2024-12-09 00:13:09', 46, NULL),
(1202, 'CHANTIER SHM', 1, 6, '2024-12-09 00:13:09', '2024-12-09 00:13:09', 46, NULL),
(1203, 'EBE MESSE', 1, 6, '2024-12-09 00:13:09', '2024-12-09 00:13:09', 46, NULL),
(1204, 'ECOLE PROTESTANTE ALLAR', 1, 6, '2024-12-09 00:13:09', '2024-12-09 00:13:09', 46, NULL),
(1205, 'ECOLE PUBLIQUE', 1, 6, '2024-12-09 00:13:09', '2024-12-09 00:13:09', 46, NULL),
(1206, 'EKARLONG', 1, 6, '2024-12-09 00:13:09', '2024-12-09 00:13:09', 46, NULL),
(1207, 'KOUMAMEYONG', 1, 6, '2024-12-09 00:13:09', '2024-12-09 00:13:09', 46, NULL),
(1208, 'MELANE', 1, 6, '2024-12-09 00:13:09', '2024-12-09 00:13:09', 46, NULL),
(1209, 'SOUNGALAM-NFOUBENZOCK', 1, 6, '2024-12-09 00:13:09', '2024-12-09 00:13:09', 46, NULL),
(1210, 'AFOUMADZO', 2, 6, '2024-12-09 00:13:09', '2024-12-09 00:13:09', 46, NULL),
(1211, 'AGNANG', 2, 6, '2024-12-09 00:13:09', '2024-12-09 00:13:09', 46, NULL),
(1212, 'AKANA', 2, 6, '2024-12-09 00:13:09', '2024-12-09 00:13:09', 46, NULL),
(1213, 'MINTOUM', 2, 6, '2024-12-09 00:13:09', '2024-12-09 00:13:09', 46, NULL),
(1214, 'BISSOBILAM', 2, 6, '2024-12-09 00:13:09', '2024-12-09 00:13:09', 46, NULL),
(1215, 'ELATABAKOTA', 2, 6, '2024-12-09 00:13:09', '2024-12-09 00:13:09', 46, NULL),
(1216, 'ECOLE PROTESTANTE DE KOMBANI', 2, 6, '2024-12-09 00:13:09', '2024-12-09 00:13:09', 46, NULL),
(1217, 'NKARITOM-NGOREKI CES', 2, 6, '2024-12-09 00:13:09', '2024-12-09 00:13:09', 46, NULL),
(1218, 'ECOLE PUBLIQUE DE BAKELE', 1, 7, '2024-12-09 00:13:09', '2024-12-09 00:13:09', 47, NULL),
(1219, 'KOUNGOU', 1, 7, '2024-12-09 00:13:09', '2024-12-09 00:13:09', 47, NULL),
(1220, 'LIBONGUI', 1, 7, '2024-12-09 00:13:09', '2024-12-09 00:13:09', 47, NULL),
(1221, 'LYCEE JEAN STANISLAS MIGOLET', 1, 7, '2024-12-09 00:13:09', '2024-12-09 00:13:09', 47, NULL),
(1222, 'MAYANG', 1, 7, '2024-12-09 00:13:09', '2024-12-09 00:13:09', 47, NULL),
(1223, 'MIKOUMOU', 1, 7, '2024-12-09 00:13:09', '2024-12-09 00:13:09', 47, NULL),
(1224, 'ECOLE CHATEAU (MANDJI)', 1, 7, '2024-12-09 00:13:09', '2024-12-09 00:13:09', 47, 2),
(1225, 'ECOLE PRIVEE CATHOLIQUE SALLETTE F (JARDIN FOUR)', 1, 7, '2024-12-09 00:13:09', '2024-12-09 00:13:09', 47, 3),
(1226, 'ECOLE PRIVEE CATHOLIQUE SALLETTE G (JARDIN FOUR)', 1, 7, '2024-12-09 00:13:09', '2024-12-09 00:13:09', 47, 4),
(1227, 'MABIMBI', 1, 7, '2024-12-09 00:13:09', '2024-12-09 00:13:09', 47, 5),
(1228, 'MAKADIUM', 1, 7, '2024-12-09 00:13:09', '2024-12-09 00:13:09', 47, 6),
(1229, 'BANIATI', 1, 7, '2024-12-09 00:13:09', '2024-12-09 00:13:09', 48, NULL),
(1230, 'BOUDIANGUILA', 1, 7, '2024-12-09 00:13:09', '2024-12-09 00:13:09', 48, NULL),
(1231, 'DIBOUKA', 1, 7, '2024-12-09 00:13:09', '2024-12-09 00:13:09', 48, NULL),
(1232, 'DIVINDE', 1, 7, '2024-12-09 00:13:09', '2024-12-09 00:13:09', 48, NULL),
(1233, 'KONA 15- NDJOLE', 1, 7, '2024-12-09 00:13:09', '2024-12-09 00:13:09', 48, NULL),
(1234, 'KOUAGNA', 1, 7, '2024-12-09 00:13:09', '2024-12-09 00:13:09', 48, NULL),
(1235, 'MANDJI KIDA', 1, 7, '2024-12-09 00:13:09', '2024-12-09 00:13:09', 48, NULL),
(1236, 'MANDJI POUVI', 1, 7, '2024-12-09 00:13:09', '2024-12-09 00:13:09', 48, NULL),
(1237, 'MOUILA POUVI', 1, 7, '2024-12-09 00:13:09', '2024-12-09 00:13:09', 48, NULL),
(1238, 'MOUKOUAGNO', 1, 7, '2024-12-09 00:13:09', '2024-12-09 00:13:09', 48, NULL),
(1239, 'MOUKOUAGNO II (ROUTE ECONOMIQUE)', 1, 7, '2024-12-09 00:13:09', '2024-12-09 00:13:09', 48, NULL),
(1240, 'MOUKOUMOU', 1, 7, '2024-12-09 00:13:09', '2024-12-09 00:13:09', 48, NULL),
(1241, 'MOULOBI', 1, 7, '2024-12-09 00:13:09', '2024-12-09 00:13:09', 48, NULL),
(1242, 'NDANDA', 1, 7, '2024-12-09 00:13:09', '2024-12-09 00:13:09', 48, NULL),
(1243, 'NDOUMBA KOUMBI', 1, 7, '2024-12-09 00:13:09', '2024-12-09 00:13:09', 48, NULL),
(1244, 'NGOUNGUI', 1, 7, '2024-12-09 00:13:09', '2024-12-09 00:13:09', 48, NULL),
(1245, 'PANGOLONGO', 1, 7, '2024-12-09 00:13:09', '2024-12-09 00:13:09', 48, NULL),
(1246, 'WAGNA', 1, 7, '2024-12-09 00:13:09', '2024-12-09 00:13:09', 48, NULL),
(1247, 'WOUBOUE', 1, 7, '2024-12-09 00:13:09', '2024-12-09 00:13:09', 48, NULL),
(1248, 'BANGA', 2, 7, '2024-12-09 00:13:09', '2024-12-09 00:13:09', 48, NULL),
(1249, 'DIBA DIBA', 2, 7, '2024-12-09 00:13:09', '2024-12-09 00:13:09', 48, NULL),
(1250, 'LENDEME', 2, 7, '2024-12-09 00:13:09', '2024-12-09 00:13:09', 48, NULL),
(1251, 'LITAMBA', 2, 7, '2024-12-09 00:13:09', '2024-12-09 00:13:09', 48, NULL),
(1252, 'MAKOULA', 2, 7, '2024-12-09 00:13:09', '2024-12-09 00:13:09', 48, NULL),
(1253, 'MAMBOUETE', 2, 7, '2024-12-09 00:13:09', '2024-12-09 00:13:09', 48, NULL),
(1254, 'MBIGOU MOUGHENE', 2, 7, '2024-12-09 00:13:09', '2024-12-09 00:13:09', 48, NULL),
(1255, 'MINDOUMA', 2, 7, '2024-12-09 00:13:09', '2024-12-09 00:13:09', 48, NULL),
(1256, 'MINKOUAGNA', 2, 7, '2024-12-09 00:13:09', '2024-12-09 00:13:09', 48, NULL),
(1257, 'MISSIMBA', 2, 7, '2024-12-09 00:13:09', '2024-12-09 00:13:09', 48, NULL),
(1258, 'MIYANGA', 2, 7, '2024-12-09 00:13:09', '2024-12-09 00:13:09', 48, NULL),
(1259, 'MOUGHOKO', 2, 7, '2024-12-09 00:13:09', '2024-12-09 00:13:09', 48, NULL),
(1260, 'MOUKABA', 2, 7, '2024-12-09 00:13:09', '2024-12-09 00:13:09', 48, NULL),
(1261, 'MOUKOGHA', 2, 7, '2024-12-09 00:13:09', '2024-12-09 00:13:09', 48, NULL),
(1262, 'MOUPATA', 2, 7, '2024-12-09 00:13:09', '2024-12-09 00:13:09', 48, NULL),
(1263, 'NGOUNGOU I', 2, 7, '2024-12-09 00:13:09', '2024-12-09 00:13:09', 48, NULL),
(1264, 'NGOUNGOU II NZAMBI II', 2, 7, '2024-12-09 00:13:09', '2024-12-09 00:13:09', 48, NULL),
(1265, 'NZAMBI I', 2, 7, '2024-12-09 00:13:09', '2024-12-09 00:13:09', 48, NULL),
(1266, 'NZENDZELE', 2, 7, '2024-12-09 00:13:09', '2024-12-09 00:13:09', 48, NULL),
(1267, 'PANGANI', 2, 7, '2024-12-09 00:13:09', '2024-12-09 00:13:09', 48, NULL),
(1268, 'POPA LEBELLA', 2, 7, '2024-12-09 00:13:09', '2024-12-09 00:13:09', 48, NULL),
(1269, 'LEBAGNY', 3, 7, '2024-12-09 00:13:09', '2024-12-09 00:13:09', 48, NULL),
(1270, 'LEYASSA', 3, 7, '2024-12-09 00:13:09', '2024-12-09 00:13:09', 48, NULL),
(1271, 'NDJOKALE', 3, 7, '2024-12-09 00:13:09', '2024-12-09 00:13:09', 48, NULL),
(1272, 'NDJOKONAMOYE', 3, 7, '2024-12-09 00:13:09', '2024-12-09 00:13:09', 48, NULL),
(1273, 'ROUNGASSA', 3, 7, '2024-12-09 00:13:09', '2024-12-09 00:13:09', 48, NULL),
(1274, 'YOULOU', 3, 7, '2024-12-09 00:13:09', '2024-12-09 00:13:09', 48, NULL),
(1275, 'BEMBICANI', 1, 7, '2024-12-09 00:13:09', '2024-12-09 00:13:09', 49, NULL),
(1276, 'CENTRE VILLE', 1, 7, '2024-12-09 00:13:09', '2024-12-09 00:13:09', 49, NULL),
(1277, 'EGG TSATSARA', 1, 7, '2024-12-09 00:13:09', '2024-12-09 00:13:09', 49, NULL),
(1278, 'ECOLE PUBLIQUE CENTRE (MIKATSIA)', 1, 7, '2024-12-09 00:13:09', '2024-12-09 00:13:09', 49, NULL),
(1279, 'KESSI POUGHOU', 1, 7, '2024-12-09 00:13:09', '2024-12-09 00:13:09', 49, NULL),
(1280, 'LIMBENGA', 1, 7, '2024-12-09 00:13:09', '2024-12-09 00:13:09', 49, NULL),
(1281, 'LINGOMA', 1, 7, '2024-12-09 00:13:09', '2024-12-09 00:13:09', 49, NULL),
(1282, 'MISSION CATHOLIQUE', 1, 7, '2024-12-09 00:13:09', '2024-12-09 00:13:09', 49, NULL),
(1283, 'MOUANA NDZOKOU', 1, 7, '2024-12-09 00:13:09', '2024-12-09 00:13:09', 49, NULL),
(1284, 'NGOUAMBA', 1, 7, '2024-12-09 00:13:09', '2024-12-09 00:13:09', 49, NULL),
(1285, 'PAHON PIRA', 1, 7, '2024-12-09 00:13:09', '2024-12-09 00:13:09', 49, NULL),
(1286, 'PAHON YOUNGOU', 1, 7, '2024-12-09 00:13:09', '2024-12-09 00:13:09', 49, NULL),
(1287, 'TSATY LIPAKA', 1, 7, '2024-12-09 00:13:09', '2024-12-09 00:13:09', 49, NULL),
(1288, 'TSENGUE MOUPINDA', 1, 7, '2024-12-09 00:13:09', '2024-12-09 00:13:09', 49, NULL),
(1289, 'ANGONDO ABENA', 2, 7, '2024-12-09 00:13:09', '2024-12-09 00:13:09', 49, NULL),
(1290, 'BAMANGA', 2, 7, '2024-12-09 00:13:09', '2024-12-09 00:13:09', 49, NULL),
(1291, 'BAMBERA BIYOKO', 2, 7, '2024-12-09 00:13:09', '2024-12-09 00:13:09', 49, NULL),
(1292, 'BOUKAMA', 2, 7, '2024-12-09 00:13:09', '2024-12-09 00:13:09', 49, NULL),
(1293, 'BOUNDJOUKOU', 2, 7, '2024-12-09 00:13:09', '2024-12-09 00:13:09', 49, NULL),
(1294, 'IDIBA BAMBERA', 2, 7, '2024-12-09 00:13:09', '2024-12-09 00:13:09', 49, NULL),
(1295, 'LEKAGNA', 2, 7, '2024-12-09 00:13:09', '2024-12-09 00:13:09', 49, NULL),
(1296, 'LIBONGUI', 2, 7, '2024-12-09 00:13:09', '2024-12-09 00:13:09', 49, NULL),
(1297, 'LIKEKA', 2, 7, '2024-12-09 00:13:09', '2024-12-09 00:13:09', 49, NULL),
(1298, 'MANA-MANA', 2, 7, '2024-12-09 00:13:09', '2024-12-09 00:13:09', 49, NULL),
(1299, 'MANDJAYE 1', 2, 7, '2024-12-09 00:13:09', '2024-12-09 00:13:09', 49, NULL),
(1300, 'MAFOUNGUI', 2, 7, '2024-12-09 00:13:09', '2024-12-09 00:13:09', 49, NULL),
(1301, 'MALANGA', 2, 7, '2024-12-09 00:13:09', '2024-12-09 00:13:09', 49, NULL),
(1302, 'LIFOUTA', 2, 7, '2024-12-09 00:13:09', '2024-12-09 00:13:09', 49, NULL),
(1303, 'MATSATSA', 2, 7, '2024-12-09 00:13:09', '2024-12-09 00:13:09', 49, NULL),
(1304, 'MILOBA', 2, 7, '2024-12-09 00:13:09', '2024-12-09 00:13:09', 49, NULL),
(1305, 'MOUKOUMBI', 2, 7, '2024-12-09 00:13:09', '2024-12-09 00:13:09', 49, NULL),
(1306, 'MOUPEYOU', 2, 7, '2024-12-09 00:13:09', '2024-12-09 00:13:09', 49, NULL),
(1307, 'NDZOKALOUNDZA', 2, 7, '2024-12-09 00:13:09', '2024-12-09 00:13:09', 49, NULL),
(1308, 'TSOTANDZALA', 2, 7, '2024-12-09 00:13:09', '2024-12-09 00:13:09', 49, NULL),
(1309, 'VOUVOU', 2, 7, '2024-12-09 00:13:09', '2024-12-09 00:13:09', 49, NULL),
(1310, 'YOULOU', 2, 7, '2024-12-09 00:13:09', '2024-12-09 00:13:09', 49, NULL),
(1311, 'AKIENI', 3, 7, '2024-12-09 00:13:09', '2024-12-09 00:13:09', 49, NULL),
(1312, 'BAKOUSSOU EET MEKOUKA', 3, 7, '2024-12-09 00:13:09', '2024-12-09 00:13:09', 49, NULL),
(1313, 'BAMBIDIE C ET B', 3, 7, '2024-12-09 00:13:09', '2024-12-09 00:13:09', 49, NULL),
(1314, 'BAPOSSO', 3, 7, '2024-12-09 00:13:09', '2024-12-09 00:13:09', 49, NULL),
(1315, 'BASSEGHA', 3, 7, '2024-12-09 00:13:09', '2024-12-09 00:13:09', 49, NULL),
(1316, 'BOUNDZOUMBA', 3, 7, '2024-12-09 00:13:09', '2024-12-09 00:13:09', 49, NULL),
(1317, 'DOUME', 3, 7, '2024-12-09 00:13:09', '2024-12-09 00:13:09', 49, NULL),
(1318, 'KOKOMOUNGUELE', 3, 7, '2024-12-09 00:13:09', '2024-12-09 00:13:09', 49, NULL),
(1319, 'LIKOKODIBA (LIBALADOUBA)', 3, 7, '2024-12-09 00:13:09', '2024-12-09 00:13:09', 49, NULL),
(1320, 'MAMBELO LIYODIA', 3, 7, '2024-12-09 00:13:09', '2024-12-09 00:13:09', 49, NULL),
(1321, 'MAMIDI', 3, 7, '2024-12-09 00:13:09', '2024-12-09 00:13:09', 49, NULL),
(1322, 'MBELATA', 3, 7, '2024-12-09 00:13:09', '2024-12-09 00:13:09', 49, NULL),
(1323, 'MBOMO MAGNIMA', 3, 7, '2024-12-09 00:13:09', '2024-12-09 00:13:09', 49, NULL),
(1324, 'MEKOUKA', 3, 7, '2024-12-09 00:13:09', '2024-12-09 00:13:09', 49, NULL),
(1325, 'MIHANDZA', 3, 7, '2024-12-09 00:13:09', '2024-12-09 00:13:09', 49, NULL),
(1326, 'MILOLE (VILLAGE)', 3, 7, '2024-12-09 00:13:09', '2024-12-09 00:13:09', 49, NULL),
(1327, 'MIVENGUE', 3, 7, '2024-12-09 00:13:09', '2024-12-09 00:13:09', 49, NULL),
(1328, 'MOUBIDOU MOUYABI', 3, 7, '2024-12-09 00:13:09', '2024-12-09 00:13:09', 49, NULL),
(1329, 'NDAMBI', 3, 7, '2024-12-09 00:13:09', '2024-12-09 00:13:09', 49, NULL),
(1330, 'NDANGUI (POPA)', 3, 7, '2024-12-09 00:13:09', '2024-12-09 00:13:09', 49, NULL),
(1331, 'NDANGUI (VENEZ VOIR)', 3, 7, '2024-12-09 00:13:09', '2024-12-09 00:13:09', 49, NULL),
(1332, 'NDANGUI CENTRE', 3, 7, '2024-12-09 00:13:09', '2024-12-09 00:13:09', 49, NULL),
(1333, 'NDEKABALANDJI', 3, 7, '2024-12-09 00:13:09', '2024-12-09 00:13:09', 49, NULL),
(1334, 'NDZONGOUANI BOUKOUSSOU', 3, 7, '2024-12-09 00:13:09', '2024-12-09 00:13:09', 49, NULL),
(1335, 'NDZONDE', 3, 7, '2024-12-09 00:13:09', '2024-12-09 00:13:09', 49, NULL),
(1336, 'SEEF MILOLE', 3, 7, '2024-12-09 00:13:09', '2024-12-09 00:13:09', 49, NULL),
(1337, 'SEB (ROUTE OKONDJA)', 3, 7, '2024-12-09 00:13:09', '2024-12-09 00:13:09', 49, NULL),
(1338, 'SETRAG', 3, 7, '2024-12-09 00:13:09', '2024-12-09 00:13:09', 49, NULL),
(1339, 'CHANTIER SBL BASE', 4, 7, '2024-12-09 00:13:09', '2024-12-09 00:13:09', 49, NULL),
(1340, 'LITSEGHE', 4, 7, '2024-12-09 00:13:09', '2024-12-09 00:13:09', 49, NULL),
(1341, 'LOLO VILLAGE', 4, 7, '2024-12-09 00:13:09', '2024-12-09 00:13:09', 49, NULL),
(1342, 'MADOUKOU MAHOUYA', 4, 7, '2024-12-09 00:13:09', '2024-12-09 00:13:09', 49, NULL),
(1343, 'MALENDE', 4, 7, '2024-12-09 00:13:09', '2024-12-09 00:13:09', 49, NULL),
(1344, 'MIBAMBOU', 4, 7, '2024-12-09 00:13:09', '2024-12-09 00:13:09', 49, NULL),
(1345, 'NDAMBO BOUNDJI', 4, 7, '2024-12-09 00:13:09', '2024-12-09 00:13:09', 49, NULL),
(1346, 'NZELA', 4, 7, '2024-12-09 00:13:09', '2024-12-09 00:13:09', 49, NULL),
(1347, 'ROUNGASSA', 4, 7, '2024-12-09 00:13:09', '2024-12-09 00:13:09', 49, NULL),
(1348, 'BOUYEBA', 1, 7, '2024-12-09 00:13:09', '2024-12-09 00:13:09', 50, NULL),
(1349, 'CES PANA', 1, 7, '2024-12-09 00:13:09', '2024-12-09 00:13:09', 50, NULL),
(1350, 'ECOLE PRIVEE CATHOLIQUE NDJONGO', 1, 7, '2024-12-09 00:13:09', '2024-12-09 00:13:09', 50, NULL),
(1351, 'ECOLE PUBLIQUE PANA', 1, 7, '2024-12-09 00:13:09', '2024-12-09 00:13:09', 50, NULL),
(1352, 'IVELE', 1, 7, '2024-12-09 00:13:09', '2024-12-09 00:13:09', 50, NULL),
(1353, 'KOUMBI', 1, 7, '2024-12-09 00:13:09', '2024-12-09 00:13:09', 50, NULL),
(1354, 'LEMENGUE', 1, 7, '2024-12-09 00:13:09', '2024-12-09 00:13:09', 50, NULL),
(1355, 'MENGUI', 1, 7, '2024-12-09 00:13:09', '2024-12-09 00:13:09', 50, NULL),
(1356, 'MOUVENGUE', 1, 7, '2024-12-09 00:13:09', '2024-12-09 00:13:09', 50, NULL),
(1357, 'DIENGA', 2, 7, '2024-12-09 00:13:09', '2024-12-09 00:13:09', 50, NULL),
(1358, 'GRAND VILLAGE', 2, 7, '2024-12-09 00:13:09', '2024-12-09 00:13:09', 50, NULL),
(1359, 'ISSEME', 2, 7, '2024-12-09 00:13:09', '2024-12-09 00:13:09', 50, NULL),
(1360, 'MARANDA I', 2, 7, '2024-12-09 00:13:09', '2024-12-09 00:13:09', 50, NULL),
(1361, 'MARANDA II', 2, 7, '2024-12-09 00:13:09', '2024-12-09 00:13:09', 50, NULL),
(1362, 'MOUGHOMBOFOUALA', 2, 7, '2024-12-09 00:13:09', '2024-12-09 00:13:09', 50, NULL),
(1363, 'SIONO', 2, 7, '2024-12-09 00:13:09', '2024-12-09 00:13:09', 50, NULL),
(1364, 'TSENGUENABIELA', 2, 7, '2024-12-09 00:13:09', '2024-12-09 00:13:09', 50, NULL),
(1365, 'BOUPOUNDZA', 1, 7, '2024-12-09 00:13:09', '2024-12-09 00:13:09', 51, NULL),
(1366, 'BOUSSIMBI', 1, 7, '2024-12-09 00:13:09', '2024-12-09 00:13:09', 51, NULL),
(1367, 'DIANGUI', 1, 7, '2024-12-09 00:13:09', '2024-12-09 00:13:09', 51, NULL),
(1368, 'IMENO PLATEAU', 1, 7, '2024-12-09 00:13:09', '2024-12-09 00:13:09', 51, NULL),
(1369, 'INDZAMBO', 1, 7, '2024-12-09 00:13:09', '2024-12-09 00:13:09', 51, NULL),
(1370, 'IWATSI', 1, 7, '2024-12-09 00:13:09', '2024-12-09 00:13:09', 51, NULL),
(1371, 'MALONGO', 1, 7, '2024-12-09 00:13:09', '2024-12-09 00:13:09', 51, NULL),
(1372, 'MANDJI', 1, 7, '2024-12-09 00:13:09', '2024-12-09 00:13:09', 51, NULL),
(1373, 'MAVANGA', 1, 7, '2024-12-09 00:13:09', '2024-12-09 00:13:09', 51, NULL),
(1374, 'MOUDOUMA', 1, 7, '2024-12-09 00:13:09', '2024-12-09 00:13:09', 51, NULL),
(1375, 'MOUGHOUNDA', 1, 7, '2024-12-09 00:13:09', '2024-12-09 00:13:09', 51, NULL),
(1376, 'MOUNGONGO', 1, 7, '2024-12-09 00:13:09', '2024-12-09 00:13:09', 51, NULL),
(1377, 'MOUPOPA I', 1, 7, '2024-12-09 00:13:09', '2024-12-09 00:13:09', 51, NULL),
(1378, 'MOUPOPA II', 1, 7, '2024-12-09 00:13:09', '2024-12-09 00:13:09', 51, NULL),
(1379, 'NDOUGOU', 1, 7, '2024-12-09 00:13:09', '2024-12-09 00:13:09', 51, NULL),
(1380, 'NGOUASSA', 1, 7, '2024-12-09 00:13:09', '2024-12-09 00:13:09', 51, NULL),
(1381, 'POUNGOU', 1, 7, '2024-12-09 00:13:09', '2024-12-09 00:13:09', 51, NULL),
(1382, 'SOGHA', 1, 7, '2024-12-09 00:13:09', '2024-12-09 00:13:09', 51, NULL),
(1383, 'CENTRE DE FORMATION PROFESSIONNELLE', 1, 8, '2024-12-09 00:13:09', '2024-12-09 00:13:09', 52, NULL),
(1384, 'ECOLE DE LA CITE', 1, 8, '2024-12-09 00:13:09', '2024-12-09 00:13:09', 52, NULL),
(1385, 'ECOLE PUBLIQUE BALISE 2 NGADI', 1, 8, '2024-12-09 00:13:09', '2024-12-09 00:13:09', 52, NULL),
(1386, 'LYCEE J. AMBOUROUET AVARO', 1, 8, '2024-12-09 00:13:09', '2024-12-09 00:13:09', 52, NULL),
(1387, 'CENTRE SOCIAL', 1, 8, '2024-12-09 00:13:09', '2024-12-09 00:13:09', 52, 2),
(1388, 'ECOLE ABBE YOYA (EPC)', 1, 8, '2024-12-09 00:13:09', '2024-12-09 00:13:09', 52, 2),
(1389, 'ECOLE AMBOUROUET AVARO (EP)', 1, 8, '2024-12-09 00:13:09', '2024-12-09 00:13:09', 52, 2),
(1390, 'ECOLE ANCIENNE BALISE (EPC)', 1, 8, '2024-12-09 00:13:09', '2024-12-09 00:13:09', 52, 2),
(1391, 'ECOLE DU STADE BLANC 1 (EPC)', 1, 8, '2024-12-09 00:13:09', '2024-12-09 00:13:09', 52, 2),
(1392, 'ECOLE DU STADE BLANC 2 (HENRI CLEMENT)', 1, 8, '2024-12-09 00:13:09', '2024-12-09 00:13:09', 52, 2),
(1393, 'ECOLE PROTESTANTE (EPP)', 1, 8, '2024-12-09 00:13:09', '2024-12-09 00:13:09', 52, 2),
(1394, 'ECOLE SAINTE THERESE (EPC)', 1, 8, '2024-12-09 00:13:09', '2024-12-09 00:13:09', 52, 2),
(1395, 'CHAMBRE DE COMMERCE', 1, 8, '2024-12-09 00:13:09', '2024-12-09 00:13:09', 52, 3),
(1396, 'CES DU PARC', 1, 8, '2024-12-09 00:13:09', '2024-12-09 00:13:09', 52, 3),
(1397, 'ECOLE SAINT ANDRE (EPC)', 1, 8, '2024-12-09 00:13:09', '2024-12-09 00:13:09', 52, 3),
(1398, 'ECOLE SAINT PAUL DES BOIS (EPC)', 1, 8, '2024-12-09 00:13:09', '2024-12-09 00:13:09', 52, 3),
(1399, 'OCEAN II', 1, 8, '2024-12-09 00:13:09', '2024-12-09 00:13:09', 52, 3),
(1400, 'ORETY (ANCIEN SINDARA)', 1, 8, '2024-12-09 00:13:09', '2024-12-09 00:13:09', 52, 3),
(1401, 'JARDIN D’ENFANT LES FLAMBOYANTS (ANCIENNE STE BARBE)', 1, 8, '2024-12-09 00:13:09', '2024-12-09 00:13:09', 52, 3),
(1402, 'LYCEE BANTSANTSA', 1, 8, '2024-12-09 00:13:09', '2024-12-09 00:13:09', 52, 4),
(1403, 'ECOLE PUBLIQUE IGUIRI', 1, 8, '2024-12-09 00:13:09', '2024-12-09 00:13:09', 52, 4),
(1404, 'ECOLE PUBLIQUE QUARTIER SUD 1', 1, 8, '2024-12-09 00:13:09', '2024-12-09 00:13:09', 52, 4),
(1405, 'ECOLE PUBLIQUE QUARTIER SUD 2', 1, 8, '2024-12-09 00:13:09', '2024-12-09 00:13:09', 52, 4),
(1406, 'ECOLE PUBLIQUE ROGER BUTTIN', 1, 8, '2024-12-09 00:13:09', '2024-12-09 00:13:09', 52, 4),
(1407, 'AZAGOUE', 1, 8, '2024-12-09 00:13:09', '2024-12-09 00:13:09', 53, NULL),
(1408, 'EMANAGOUGA-IGUENDJA', 1, 8, '2024-12-09 00:13:09', '2024-12-09 00:13:09', 53, NULL),
(1409, 'GONGOUE', 1, 8, '2024-12-09 00:13:09', '2024-12-09 00:13:09', 53, NULL),
(1410, 'MBEGA', 1, 8, '2024-12-09 00:13:09', '2024-12-09 00:13:09', 53, NULL),
(1411, 'MBILAPE', 1, 8, '2024-12-09 00:13:09', '2024-12-09 00:13:09', 53, NULL),
(1412, 'MPEMBE', 1, 8, '2024-12-09 00:13:09', '2024-12-09 00:13:09', 53, NULL),
(1413, 'NENGA BEMBE', 1, 8, '2024-12-09 00:13:09', '2024-12-09 00:13:09', 53, NULL),
(1414, 'NGANDA-OZOURI', 1, 8, '2024-12-09 00:13:09', '2024-12-09 00:13:09', 53, NULL),
(1415, 'NTCHENGUE', 1, 8, '2024-12-09 00:13:09', '2024-12-09 00:13:09', 53, NULL),
(1416, 'ODIMBA NKENDJE', 1, 8, '2024-12-09 00:13:09', '2024-12-09 00:13:09', 53, NULL),
(1417, 'YOMBE RADE', 1, 8, '2024-12-09 00:13:09', '2024-12-09 00:13:09', 53, NULL),
(1418, 'ABELOGO I', 2, 8, '2024-12-09 00:13:09', '2024-12-09 00:13:09', 53, NULL),
(1419, 'AKIRI-AKOUMOUNO', 2, 8, '2024-12-09 00:13:09', '2024-12-09 00:13:09', 53, NULL),
(1420, 'ALEGO (LAC IWANDET)', 2, 8, '2024-12-09 00:13:09', '2024-12-09 00:13:09', 53, NULL),
(1421, 'APARI 12- OKOUMI-IKASSA', 2, 8, '2024-12-09 00:13:09', '2024-12-09 00:13:09', 53, NULL),
(1422, 'ENAMINO', 2, 8, '2024-12-09 00:13:09', '2024-12-09 00:13:09', 53, NULL),
(1423, 'ENYONGA', 2, 8, '2024-12-09 00:13:09', '2024-12-09 00:13:09', 53, NULL),
(1424, 'ESSENDE 1', 2, 8, '2024-12-09 00:13:09', '2024-12-09 00:13:09', 53, NULL),
(1425, 'M’PAGA', 2, 8, '2024-12-09 00:13:09', '2024-12-09 00:13:09', 53, NULL),
(1426, 'OSSAMOUEDEMBO', 2, 8, '2024-12-09 00:13:09', '2024-12-09 00:13:09', 53, NULL),
(1427, 'NGOLA', 2, 8, '2024-12-09 00:13:09', '2024-12-09 00:13:09', 53, NULL),
(1428, 'NGUIABETA', 2, 8, '2024-12-09 00:13:09', '2024-12-09 00:13:09', 53, NULL),
(1429, 'OLOUMI-MANDJE', 2, 8, '2024-12-09 00:13:09', '2024-12-09 00:13:09', 53, NULL),
(1430, 'OSSAMOUEDEMBO', 2, 8, '2024-12-09 00:13:09', '2024-12-09 00:13:09', 53, NULL),
(1431, 'YOMBE 1', 2, 8, '2024-12-09 00:13:09', '2024-12-09 00:13:09', 53, NULL),
(1432, 'YOMBE 2', 2, 8, '2024-12-09 00:13:09', '2024-12-09 00:13:09', 53, NULL),
(1433, 'NENDJA', 2, 8, '2024-12-09 00:13:09', '2024-12-09 00:13:09', 53, NULL),
(1434, 'CARREFOUR CENTRE BESSOMA', 3, 8, '2024-12-09 00:13:09', '2024-12-09 00:13:09', 53, NULL),
(1435, 'FOULAMAYONG', 3, 8, '2024-12-09 00:13:09', '2024-12-09 00:13:09', 53, NULL),
(1436, 'ISSINGA', 3, 8, '2024-12-09 00:13:09', '2024-12-09 00:13:09', 53, NULL),
(1437, 'KOUTOU', 3, 8, '2024-12-09 00:13:09', '2024-12-09 00:13:09', 53, NULL),
(1438, 'MANEGA-BISSOMA', 3, 8, '2024-12-09 00:13:09', '2024-12-09 00:13:09', 53, NULL),
(1439, 'MISSOUNGONGOU', 3, 8, '2024-12-09 00:13:09', '2024-12-09 00:13:09', 53, NULL),
(1440, 'NGOUEVIRI', 3, 8, '2024-12-09 00:13:09', '2024-12-09 00:13:09', 53, NULL),
(1441, 'ODIMBA', 3, 8, '2024-12-09 00:13:09', '2024-12-09 00:13:09', 53, NULL),
(1442, 'PAGUIELOU', 3, 8, '2024-12-09 00:13:09', '2024-12-09 00:13:09', 53, NULL),
(1443, 'SIMANI', 3, 8, '2024-12-09 00:13:09', '2024-12-09 00:13:09', 53, NULL),
(1444, 'TCHENGUEFALA', 3, 8, '2024-12-09 00:13:09', '2024-12-09 00:13:09', 53, NULL),
(1445, 'ASSEWE 1', 1, 8, '2024-12-09 00:13:09', '2024-12-09 00:13:09', 54, NULL),
(1446, 'ATONGOWANGA', 1, 8, '2024-12-09 00:13:09', '2024-12-09 00:13:09', 54, NULL),
(1447, 'AVEGOMBOUIRI', 1, 8, '2024-12-09 00:13:09', '2024-12-09 00:13:09', 54, NULL),
(1448, 'BATANGA', 1, 8, '2024-12-09 00:13:09', '2024-12-09 00:13:09', 54, NULL),
(1449, 'C.E.S D’OMBOUE', 1, 8, '2024-12-09 00:13:09', '2024-12-09 00:13:09', 54, NULL),
(1450, 'ECOLE PUBLIQUE CHARLES PING', 1, 8, '2024-12-09 00:13:09', '2024-12-09 00:13:09', 54, NULL),
(1451, 'ESSOGOUE-AYILE', 1, 8, '2024-12-09 00:13:09', '2024-12-09 00:13:09', 54, NULL),
(1452, 'KONGO 1', 1, 8, '2024-12-09 00:13:09', '2024-12-09 00:13:09', 54, NULL),
(1453, 'LASSONIE', 1, 8, '2024-12-09 00:13:09', '2024-12-09 00:13:09', 54, NULL),
(1454, 'MAISON DE LA CULTURE', 1, 8, '2024-12-09 00:13:09', '2024-12-09 00:13:09', 54, NULL),
(1455, 'MANDAGANGA', 1, 8, '2024-12-09 00:13:09', '2024-12-09 00:13:09', 54, NULL),
(1456, 'NENGUE-SIKA', 1, 8, '2024-12-09 00:13:09', '2024-12-09 00:13:09', 54, NULL),
(1457, 'ONGUENDJO', 1, 8, '2024-12-09 00:13:09', '2024-12-09 00:13:09', 54, NULL),
(1458, 'STE ANNE ODIMBA', 1, 8, '2024-12-09 00:13:09', '2024-12-09 00:13:09', 54, NULL),
(1459, 'TCHONGA VILLE', 1, 8, '2024-12-09 00:13:09', '2024-12-09 00:13:09', 54, NULL),
(1460, 'VILLAGE INDJOLE', 1, 8, '2024-12-09 00:13:09', '2024-12-09 00:13:09', 54, NULL),
(1461, 'IDJEMBO', 2, 8, '2024-12-09 00:13:09', '2024-12-09 00:13:09', 54, NULL),
(1462, ' MPIVIE', 2, 8, '2024-12-09 00:13:09', '2024-12-09 00:13:09', 54, NULL),
(1463, 'TCHONIMBANI', 2, 8, '2024-12-09 00:13:09', '2024-12-09 00:13:09', 54, NULL),
(1464, 'NTCHONGOROVE', 2, 8, '2024-12-09 00:13:09', '2024-12-09 00:13:09', 54, NULL),
(1465, 'YOMBE-OBIRO', 2, 8, '2024-12-09 00:13:09', '2024-12-09 00:13:09', 54, NULL),
(1466, 'AZENDJE', 3, 8, '2024-12-09 00:13:09', '2024-12-09 00:13:09', 54, NULL),
(1467, 'BOUNDOU', 3, 8, '2024-12-09 00:13:09', '2024-12-09 00:13:09', 54, NULL),
(1468, 'DIAMBOU A-KOUMOU', 3, 8, '2024-12-09 00:13:09', '2024-12-09 00:13:09', 54, NULL),
(1469, 'DIANONGO', 3, 8, '2024-12-09 00:13:09', '2024-12-09 00:13:09', 54, NULL),
(1470, 'DOUARTSANDA', 3, 8, '2024-12-09 00:13:09', '2024-12-09 00:13:09', 54, NULL),
(1471, 'GOUELIGA', 3, 8, '2024-12-09 00:13:09', '2024-12-09 00:13:09', 54, NULL),
(1472, 'IKASSA-MABOUNA', 3, 8, '2024-12-09 00:13:09', '2024-12-09 00:13:09', 54, NULL),
(1473, 'MIFOUMA', 3, 8, '2024-12-09 00:13:09', '2024-12-09 00:13:09', 54, NULL),
(1474, 'MIGAMBA', 3, 8, '2024-12-09 00:13:09', '2024-12-09 00:13:09', 54, NULL),
(1475, 'MISSOULA NGOLA', 3, 8, '2024-12-09 00:13:09', '2024-12-09 00:13:09', 54, NULL),
(1476, 'MOUKENDOU', 3, 8, '2024-12-09 00:13:09', '2024-12-09 00:13:09', 54, NULL),
(1477, 'MOUSSAMUKUGU', 3, 8, '2024-12-09 00:13:09', '2024-12-09 00:13:09', 54, NULL),
(1478, 'MPERE', 3, 8, '2024-12-09 00:13:09', '2024-12-09 00:13:09', 54, NULL),
(1479, 'ECOLE PUBLIQUE NDOUGOU CENTRE', 3, 8, '2024-12-09 00:13:09', '2024-12-09 00:13:09', 54, NULL),
(1480, 'PLAINE WORA-NA-YENO', 3, 8, '2024-12-09 00:13:09', '2024-12-09 00:13:09', 54, NULL),
(1481, 'RABI CHANTIER C B G', 3, 8, '2024-12-09 00:13:09', '2024-12-09 00:13:09', 54, NULL),
(1482, 'RABI VILLAGE', 3, 8, '2024-12-09 00:13:09', '2024-12-09 00:13:09', 54, NULL),
(1483, 'SADOUGOUNGOU', 3, 8, '2024-12-09 00:13:09', '2024-12-09 00:13:09', 54, NULL),
(1484, 'SIMANI', 3, 8, '2024-12-09 00:13:09', '2024-12-09 00:13:09', 54, NULL),
(1485, 'VENDARENE', 3, 8, '2024-12-09 00:13:09', '2024-12-09 00:13:09', 54, NULL),
(1486, 'CONSEIL DEPARTEMENTAL DE NDOUGOU', 1, 8, '2024-12-09 00:13:09', '2024-12-09 00:13:09', 55, NULL),
(1487, 'C E S DE GAMBA', 1, 8, '2024-12-09 00:13:09', '2024-12-09 00:13:09', 55, NULL),
(1488, 'CASE DE PASSAGE', 1, 8, '2024-12-09 00:13:09', '2024-12-09 00:13:09', 55, NULL),
(1489, 'ECOLE MATERNELLE', 1, 8, '2024-12-09 00:13:09', '2024-12-09 00:13:09', 55, NULL),
(1490, 'ECOLE PUBLIQUE', 1, 8, '2024-12-09 00:13:09', '2024-12-09 00:13:09', 55, NULL),
(1491, 'FONTAINE PUBLIQUE', 1, 8, '2024-12-09 00:13:09', '2024-12-09 00:13:09', 55, NULL),
(1492, 'PLAINE 2', 1, 8, '2024-12-09 00:13:09', '2024-12-09 00:13:09', 55, NULL),
(1493, 'PLAINE 4', 1, 8, '2024-12-09 00:13:09', '2024-12-09 00:13:09', 55, NULL),
(1494, 'PLAINE 5', 1, 8, '2024-12-09 00:13:09', '2024-12-09 00:13:09', 55, NULL),
(1495, 'IBOUKA', 2, 8, '2024-12-09 00:13:09', '2024-12-09 00:13:09', 55, NULL),
(1496, 'MBARI-MOSSI', 2, 8, '2024-12-09 00:13:09', '2024-12-09 00:13:09', 55, NULL),
(1497, 'MOUNGAMBI', 2, 8, '2024-12-09 00:13:09', '2024-12-09 00:13:09', 55, NULL),
(1498, 'NGOMAGUENA', 2, 8, '2024-12-09 00:13:09', '2024-12-09 00:13:09', 55, NULL),
(1499, 'PITONGA', 2, 8, '2024-12-09 00:13:09', '2024-12-09 00:13:09', 55, NULL),
(1500, 'SETTE-CAMA', 2, 8, '2024-12-09 00:13:09', '2024-12-09 00:13:09', 55, NULL),
(1501, 'SOUNGA', 2, 8, '2024-12-09 00:13:09', '2024-12-09 00:13:09', 55, NULL),
(1502, 'YENZI', 2, 8, '2024-12-09 00:13:09', '2024-12-09 00:13:09', 55, NULL),
(1503, 'IGOTCHI', 3, 8, '2024-12-09 00:13:09', '2024-12-09 00:13:09', 55, NULL),
(1504, 'KATCHIMBA', 3, 8, '2024-12-09 00:13:09', '2024-12-09 00:13:09', 55, NULL),
(1505, 'MASSO-MALA', 3, 8, '2024-12-09 00:13:09', '2024-12-09 00:13:09', 55, NULL),
(1506, 'MAYONAMI', 3, 8, '2024-12-09 00:13:09', '2024-12-09 00:13:09', 55, NULL),
(1507, 'MBISSI', 3, 8, '2024-12-09 00:13:09', '2024-12-09 00:13:09', 55, NULL),
(1508, 'MBOUDA', 3, 8, '2024-12-09 00:13:09', '2024-12-09 00:13:09', 55, NULL),
(1509, 'CES ANGONE', 1, 9, '2024-12-09 00:13:09', '2024-12-09 00:13:09', 56, NULL),
(1510, 'CETO', 1, 9, '2024-12-09 00:13:09', '2024-12-09 00:13:09', 56, NULL),
(1511, 'ECOLE PUBLIQUE BERNARD OBIANG (METHUI)', 1, 9, '2024-12-09 00:13:09', '2024-12-09 00:13:09', 56, NULL),
(1512, 'ECOLE PRIVEE CATHOLIQUE ANDOME ODZIP', 1, 9, '2024-12-09 00:13:09', '2024-12-09 00:13:09', 56, NULL),
(1513, 'ECOLE PRIVEE CATHOLIQUE ANGONE', 1, 9, '2024-12-09 00:13:09', '2024-12-09 00:13:09', 56, NULL),
(1514, 'ECOLE PRIVEE CATHOLIQUE NDZOMOSSI (AKOK BARRAGE)', 1, 9, '2024-12-09 00:13:09', '2024-12-09 00:13:09', 56, NULL),
(1515, 'ECOLE PRIVEE CATHOLIQUE ST ELOI EAKOAKAM', 1, 9, '2024-12-09 00:13:09', '2024-12-09 00:13:09', 56, NULL),
(1516, 'ECOLE PRIVEE CATHOLIQUE ST MACAIRE', 1, 9, '2024-12-09 00:13:09', '2024-12-09 00:13:09', 56, NULL),
(1517, 'ECOLE DES CADRES –ENDR-', 1, 9, '2024-12-09 00:13:09', '2024-12-09 00:13:09', 56, NULL),
(1518, 'ECOLE PUBLIQUE MEKOM-NKODJE', 1, 9, '2024-12-09 00:13:09', '2024-12-09 00:13:09', 56, NULL),
(1519, 'ELONE', 1, 9, '2024-12-09 00:13:09', '2024-12-09 00:13:09', 56, NULL),
(1520, 'ENDOMO', 1, 9, '2024-12-09 00:13:09', '2024-12-09 00:13:09', 56, NULL),
(1521, 'I.D.A', 1, 9, '2024-12-09 00:13:09', '2024-12-09 00:13:09', 56, NULL),
(1522, 'IMMEUBLE AGRICULTURE', 1, 9, '2024-12-09 00:13:09', '2024-12-09 00:13:09', 56, NULL),
(1523, 'COLLEGE MARIE MINDZE (INSPECTION JEUNESSE ET SPORTS)', 1, 9, '2024-12-09 00:13:09', '2024-12-09 00:13:09', 56, NULL),
(1524, 'COLLEGE MARIE MINDZE (ASSEMBLEE DEPARTEMENTALE)', 1, 9, '2024-12-09 00:13:09', '2024-12-09 00:13:09', 56, NULL),
(1525, 'LYCEE RICHARD NGUEMA', 1, 9, '2024-12-09 00:13:09', '2024-12-09 00:13:09', 56, NULL),
(1526, 'T.P MINKA-NFOUA', 1, 9, '2024-12-09 00:13:09', '2024-12-09 00:13:09', 56, NULL),
(1527, 'ADZABILONE', 1, 9, '2024-12-09 00:13:09', '2024-12-09 00:13:09', 56, 2),
(1528, 'ATELIER VANNERIE (CES MFOUL)', 1, 9, '2024-12-09 00:13:09', '2024-12-09 00:13:09', 56, 2),
(1529, 'ECOLE PUBLIQUE NGOUEMA (CAMP MILITAIRE)', 1, 9, '2024-12-09 00:13:09', '2024-12-09 00:13:09', 56, 2),
(1530, 'ECOLE PUBLIQUE MEKAGA', 1, 9, '2024-12-09 00:13:09', '2024-12-09 00:13:09', 56, 2),
(1531, 'ECOLE PUBLIQUE NGOUEMA', 1, 9, '2024-12-09 00:13:09', '2024-12-09 00:13:09', 56, 2),
(1532, 'ECOLE PRIVEE CATHOLIQUE SAINT BASILE ROND POINT', 1, 9, '2024-12-09 00:13:09', '2024-12-09 00:13:09', 56, 2),
(1533, 'ECOLE PRIVEE CATHOLIQUE ST FRANCOIS', 1, 9, '2024-12-09 00:13:09', '2024-12-09 00:13:09', 56, 2),
(1534, 'ECOLE PRIVEE PROT. ANDRE MINTSA NKOMAYAT', 1, 9, '2024-12-09 00:13:09', '2024-12-09 00:13:09', 56, 2),
(1535, 'ECOLE PUBLIQUE APPLICATION (ADJOUGOU-EPO)', 1, 9, '2024-12-09 00:13:09', '2024-12-09 00:13:09', 56, 2),
(1536, 'EWORMEKOK', 1, 9, '2024-12-09 00:13:09', '2024-12-09 00:13:09', 56, 2),
(1537, 'EYENASSI (KENG AKOK)', 1, 9, '2024-12-09 00:13:09', '2024-12-09 00:13:09', 56, 2),
(1538, 'MONT-MIYELE', 1, 9, '2024-12-09 00:13:09', '2024-12-09 00:13:09', 56, 2),
(1539, 'ONDO ET FILS', 1, 9, '2024-12-09 00:13:09', '2024-12-09 00:13:09', 56, 2),
(1540, 'ROND POINT MIMBANG', 1, 9, '2024-12-09 00:13:09', '2024-12-09 00:13:09', 56, 2),
(1541, 'VALLEE SUD (ST CHARLES)', 1, 9, '2024-12-09 00:13:09', '2024-12-09 00:13:09', 56, 2),
(1542, 'ABANG-VILLE', 1, 9, '2024-12-09 00:13:09', '2024-12-09 00:13:09', 57, NULL),
(1543, 'ABELASSI', 1, 9, '2024-12-09 00:13:09', '2024-12-09 00:13:09', 57, NULL),
(1544, 'AKAM I', 1, 9, '2024-12-09 00:13:09', '2024-12-09 00:13:09', 57, NULL),
(1545, 'AKOMASSI', 1, 9, '2024-12-09 00:13:09', '2024-12-09 00:13:09', 57, NULL),
(1546, 'ALLOUME', 1, 9, '2024-12-09 00:13:09', '2024-12-09 00:13:09', 57, NULL),
(1547, 'ANGONEFITE', 1, 9, '2024-12-09 00:13:09', '2024-12-09 00:13:09', 57, NULL),
(1548, 'ANIANE I', 1, 9, '2024-12-09 00:13:09', '2024-12-09 00:13:09', 57, NULL),
(1549, 'ANIANE II', 1, 9, '2024-12-09 00:13:09', '2024-12-09 00:13:09', 57, NULL),
(1550, 'BISSOCK III', 1, 9, '2024-12-09 00:13:09', '2024-12-09 00:13:09', 57, NULL),
(1551, 'EKOUMOLONG', 1, 9, '2024-12-09 00:13:09', '2024-12-09 00:13:09', 57, NULL),
(1552, 'ELLELEM I', 1, 9, '2024-12-09 00:13:09', '2024-12-09 00:13:09', 57, NULL),
(1553, 'ESSONG-ABAM II', 1, 9, '2024-12-09 00:13:09', '2024-12-09 00:13:09', 57, NULL),
(1554, 'MFOUL-ESSABANG', 1, 9, '2024-12-09 00:13:09', '2024-12-09 00:13:09', 57, NULL),
(1555, 'MVANE-YEBIMVE', 1, 9, '2024-12-09 00:13:09', '2024-12-09 00:13:09', 57, NULL),
(1556, 'NDONGOLO I', 1, 9, '2024-12-09 00:13:09', '2024-12-09 00:13:09', 57, NULL),
(1557, 'UNION VILLE', 1, 9, '2024-12-09 00:13:09', '2024-12-09 00:13:09', 57, NULL),
(1558, 'ZANANGOUE', 1, 9, '2024-12-09 00:13:09', '2024-12-09 00:13:09', 57, NULL),
(1559, 'ELENE-MEBOUM', 2, 9, '2024-12-09 00:13:09', '2024-12-09 00:13:09', 57, NULL),
(1560, 'ASOCK-BEGUE', 2, 9, '2024-12-09 00:13:09', '2024-12-09 00:13:09', 57, NULL),
(1561, 'BIBASSE', 2, 9, '2024-12-09 00:13:09', '2024-12-09 00:13:09', 57, NULL),
(1562, 'CHANTIER BORDAMUR', 2, 9, '2024-12-09 00:13:09', '2024-12-09 00:13:09', 57, NULL),
(1563, 'ELOP', 2, 9, '2024-12-09 00:13:09', '2024-12-09 00:13:09', 57, NULL),
(1564, 'MBAM-ASSEGMA', 2, 9, '2024-12-09 00:13:09', '2024-12-09 00:13:09', 57, NULL),
(1565, 'MBOUNANEVILLE', 2, 9, '2024-12-09 00:13:09', '2024-12-09 00:13:09', 57, NULL),
(1566, 'NDZENG-ENGONG', 2, 9, '2024-12-09 00:13:09', '2024-12-09 00:13:09', 57, NULL),
(1567, 'NKOLABONA 1', 2, 9, '2024-12-09 00:13:09', '2024-12-09 00:13:09', 57, NULL),
(1568, 'NKOLABONA 2', 2, 9, '2024-12-09 00:13:09', '2024-12-09 00:13:09', 57, NULL),
(1569, 'NKOUGOU', 2, 9, '2024-12-09 00:13:09', '2024-12-09 00:13:09', 57, NULL),
(1570, 'NKOUT', 2, 9, '2024-12-09 00:13:09', '2024-12-09 00:13:09', 57, NULL),
(1571, 'ABAM-EBA’A', 3, 9, '2024-12-09 00:13:09', '2024-12-09 00:13:09', 57, NULL),
(1572, 'AFENANE', 3, 9, '2024-12-09 00:13:09', '2024-12-09 00:13:09', 57, NULL),
(1573, 'ALENE-ESSONG', 3, 9, '2024-12-09 00:13:09', '2024-12-09 00:13:09', 57, NULL),
(1574, 'MESSIA', 3, 9, '2024-12-09 00:13:09', '2024-12-09 00:13:09', 57, NULL),
(1575, 'ANGUIA', 3, 9, '2024-12-09 00:13:09', '2024-12-09 00:13:09', 57, NULL),
(1576, 'ASSOK-MEDZENG', 3, 9, '2024-12-09 00:13:09', '2024-12-09 00:13:09', 57, NULL),
(1577, 'EBIANE-VILLE', 3, 9, '2024-12-09 00:13:09', '2024-12-09 00:13:09', 57, NULL),
(1578, 'ENDAMA-ESSANGUI', 3, 9, '2024-12-09 00:13:09', '2024-12-09 00:13:09', 57, NULL),
(1579, 'MBOLEZOK', 3, 9, '2024-12-09 00:13:09', '2024-12-09 00:13:09', 57, NULL),
(1580, 'MELENE-MINKAGA', 3, 9, '2024-12-09 00:13:09', '2024-12-09 00:13:09', 57, NULL),
(1581, 'MENDOK', 3, 9, '2024-12-09 00:13:09', '2024-12-09 00:13:09', 57, NULL),
(1582, 'NKOLAYOR-NKODJE', 3, 9, '2024-12-09 00:13:09', '2024-12-09 00:13:09', 57, NULL),
(1583, 'TOULON-VILLE', 3, 9, '2024-12-09 00:13:09', '2024-12-09 00:13:09', 57, NULL),
(1584, 'ZOGONGONE', 3, 9, '2024-12-09 00:13:09', '2024-12-09 00:13:09', 57, NULL),
(1585, 'ADZAP', 4, 9, '2024-12-09 00:13:09', '2024-12-09 00:13:09', 57, NULL),
(1586, 'ADZAP NKODJE', 4, 9, '2024-12-09 00:13:09', '2024-12-09 00:13:09', 57, NULL),
(1587, 'ADZAP YEFFA', 4, 9, '2024-12-09 00:13:09', '2024-12-09 00:13:09', 57, NULL),
(1588, 'AKAM (ESSATOUK)', 4, 9, '2024-12-09 00:13:09', '2024-12-09 00:13:09', 57, NULL),
(1589, 'AKOK', 4, 9, '2024-12-09 00:13:09', '2024-12-09 00:13:09', 57, NULL),
(1590, 'ANDOME MENDOUNG', 4, 9, '2024-12-09 00:13:09', '2024-12-09 00:13:09', 57, NULL),
(1591, 'ANGANG', 4, 9, '2024-12-09 00:13:09', '2024-12-09 00:13:09', 57, NULL),
(1592, 'ASSOK NYE', 4, 9, '2024-12-09 00:13:09', '2024-12-09 00:13:09', 57, NULL),
(1593, 'BENGOYE', 4, 9, '2024-12-09 00:13:09', '2024-12-09 00:13:09', 57, NULL),
(1594, 'BILOSSI', 4, 9, '2024-12-09 00:13:09', '2024-12-09 00:13:09', 57, NULL),
(1595, 'BIYENE', 4, 9, '2024-12-09 00:13:09', '2024-12-09 00:13:09', 57, NULL),
(1596, 'DZOBETE MBELE', 4, 9, '2024-12-09 00:13:09', '2024-12-09 00:13:09', 57, NULL),
(1597, 'EBENGONE', 4, 9, '2024-12-09 00:13:09', '2024-12-09 00:13:09', 57, NULL),
(1598, 'ESSOME-YEFFA (ADZAP)', 4, 9, '2024-12-09 00:13:09', '2024-12-09 00:13:09', 57, NULL),
(1599, 'MBA’A-MIYEMAME', 4, 9, '2024-12-09 00:13:09', '2024-12-09 00:13:09', 57, NULL),
(1600, 'MBA’A-ESSANGUI', 4, 9, '2024-12-09 00:13:09', '2024-12-09 00:13:09', 57, NULL),
(1601, 'MBOMO', 4, 9, '2024-12-09 00:13:09', '2024-12-09 00:13:09', 57, NULL),
(1602, 'MEKAK-BILOSSI', 4, 9, '2024-12-09 00:13:09', '2024-12-09 00:13:09', 57, NULL),
(1603, 'MEKOMO (NKODJE)', 4, 9, '2024-12-09 00:13:09', '2024-12-09 00:13:09', 57, NULL),
(1604, 'MFEIGNE-EFFACK', 4, 9, '2024-12-09 00:13:09', '2024-12-09 00:13:09', 57, NULL),
(1605, 'MIYELE', 4, 9, '2024-12-09 00:13:09', '2024-12-09 00:13:09', 57, NULL),
(1606, 'MVANE EFFACK', 4, 9, '2024-12-09 00:13:09', '2024-12-09 00:13:09', 57, NULL),
(1607, 'KOUME NKODJE', 4, 9, '2024-12-09 00:13:09', '2024-12-09 00:13:09', 57, NULL),
(1608, 'OBOUT METOME', 4, 9, '2024-12-09 00:13:09', '2024-12-09 00:13:09', 57, NULL),
(1609, 'OBOUT- VILLE', 4, 9, '2024-12-09 00:13:09', '2024-12-09 00:13:09', 57, NULL),
(1610, 'THO-EFFACK', 4, 9, '2024-12-09 00:13:09', '2024-12-09 00:13:09', 57, NULL),
(1611, 'ABANG-MEDOUMOU', 5, 9, '2024-12-09 00:13:09', '2024-12-09 00:13:09', 57, NULL),
(1612, 'ABENELANG', 5, 9, '2024-12-09 00:13:09', '2024-12-09 00:13:09', 57, NULL),
(1613, 'ABENELANG II', 5, 9, '2024-12-09 00:13:09', '2024-12-09 00:13:09', 57, NULL),
(1614, 'AKOK-MBONG-SEME', 5, 9, '2024-12-09 00:13:09', '2024-12-09 00:13:09', 57, NULL),
(1615, 'ATONG-VILLE', 5, 9, '2024-12-09 00:13:09', '2024-12-09 00:13:09', 57, NULL),
(1616, 'AVAZOK', 5, 9, '2024-12-09 00:13:09', '2024-12-09 00:13:09', 57, NULL),
(1617, 'EBEIGNE HOPITAL', 5, 9, '2024-12-09 00:13:09', '2024-12-09 00:13:09', 57, NULL),
(1618, 'ESSONG-MEDZOME', 5, 9, '2024-12-09 00:13:09', '2024-12-09 00:13:09', 57, NULL),
(1619, 'HEVEA', 5, 9, '2024-12-09 00:13:09', '2024-12-09 00:13:09', 57, NULL),
(1620, 'ABAM-ANDOCK', 5, 9, '2024-12-09 00:13:09', '2024-12-09 00:13:09', 57, NULL),
(1621, 'KONOSSOVILLE', 5, 9, '2024-12-09 00:13:09', '2024-12-09 00:13:09', 57, NULL),
(1622, 'KOUMASSI', 5, 9, '2024-12-09 00:13:09', '2024-12-09 00:13:09', 57, NULL),
(1623, 'MBENGA', 5, 9, '2024-12-09 00:13:09', '2024-12-09 00:13:09', 57, NULL),
(1624, 'MVOMAYOP III', 5, 9, '2024-12-09 00:13:09', '2024-12-09 00:13:09', 57, NULL),
(1625, 'NKANG', 5, 9, '2024-12-09 00:13:09', '2024-12-09 00:13:09', 57, NULL),
(1626, 'NKARZOK', 5, 9, '2024-12-09 00:13:09', '2024-12-09 00:13:09', 57, NULL),
(1627, 'NKOMELENE II-III', 5, 9, '2024-12-09 00:13:09', '2024-12-09 00:13:09', 57, NULL),
(1628, 'NKOMELENE-ASSAS', 5, 9, '2024-12-09 00:13:09', '2024-12-09 00:13:09', 57, NULL),
(1629, 'NKOUM-MBABO', 5, 9, '2024-12-09 00:13:09', '2024-12-09 00:13:09', 57, NULL),
(1630, 'SOUGOUDZAP VILLE', 5, 9, '2024-12-09 00:13:09', '2024-12-09 00:13:09', 57, NULL),
(1631, 'C.E.B.', 1, 9, '2024-12-09 00:13:09', '2024-12-09 00:13:09', 58, NULL),
(1632, 'CENTRE SOCIAL', 1, 9, '2024-12-09 00:13:09', '2024-12-09 00:13:09', 58, NULL),
(1633, 'CERCLE CULTUREL', 1, 9, '2024-12-09 00:13:09', '2024-12-09 00:13:09', 58, NULL),
(1634, 'ECOLE PRIVEE CATHOLIQUE MIMBANG', 1, 9, '2024-12-09 00:13:09', '2024-12-09 00:13:09', 58, NULL),
(1635, 'ECOLE COMMUNALE MBAFANE', 1, 9, '2024-12-09 00:13:09', '2024-12-09 00:13:09', 58, NULL),
(1636, 'ECOLE COMMUNALE CENTRE', 1, 9, '2024-12-09 00:13:09', '2024-12-09 00:13:09', 58, NULL),
(1637, 'ECOLE CORANIQUE', 1, 9, '2024-12-09 00:13:09', '2024-12-09 00:13:09', 58, NULL),
(1638, 'ECOLE FOYER PROTESTANT', 1, 9, '2024-12-09 00:13:09', '2024-12-09 00:13:09', 58, NULL),
(1639, 'ECOLE PRIVEE PROTEST AYANANGA', 1, 9, '2024-12-09 00:13:09', '2024-12-09 00:13:09', 58, NULL),
(1640, 'ECOLE PUBLIQUE AGNIZOK', 1, 9, '2024-12-09 00:13:09', '2024-12-09 00:13:09', 58, NULL),
(1641, 'ECOLE MISSELE', 1, 9, '2024-12-09 00:13:09', '2024-12-09 00:13:09', 58, NULL),
(1642, 'LYCEE SIMON OYONO ABA’A', 1, 9, '2024-12-09 00:13:09', '2024-12-09 00:13:09', 58, NULL),
(1643, 'MENGOMO-AYAT', 1, 9, '2024-12-09 00:13:09', '2024-12-09 00:13:09', 58, NULL),
(1644, 'PRE-SCOLAIRE PROTESTANT', 1, 9, '2024-12-09 00:13:09', '2024-12-09 00:13:09', 58, NULL),
(1645, 'ABE BIZANG', 2, 9, '2024-12-09 00:13:09', '2024-12-09 00:13:09', 58, NULL),
(1646, 'ADZAP EFFACK', 2, 9, '2024-12-09 00:13:09', '2024-12-09 00:13:09', 58, NULL),
(1647, 'ADZAP-ESSATOP', 2, 9, '2024-12-09 00:13:09', '2024-12-09 00:13:09', 58, NULL),
(1648, 'AKAM-SI', 2, 9, '2024-12-09 00:13:09', '2024-12-09 00:13:09', 58, NULL),
(1649, 'AKOM-ESSAKORANE', 2, 9, '2024-12-09 00:13:09', '2024-12-09 00:13:09', 58, NULL),
(1650, 'ALENE EFOULANE', 2, 9, '2024-12-09 00:13:09', '2024-12-09 00:13:09', 58, NULL),
(1651, 'ALOUM EFFACK', 2, 9, '2024-12-09 00:13:09', '2024-12-09 00:13:09', 58, NULL),
(1652, 'EBANG-ESSANDONE', 2, 9, '2024-12-09 00:13:09', '2024-12-09 00:13:09', 58, NULL),
(1653, 'EBORO NTEM', 2, 9, '2024-12-09 00:13:09', '2024-12-09 00:13:09', 58, NULL),
(1654, 'EFFACK-BIBE', 2, 9, '2024-12-09 00:13:09', '2024-12-09 00:13:09', 58, NULL),
(1655, 'EWONG', 2, 9, '2024-12-09 00:13:09', '2024-12-09 00:13:09', 58, NULL),
(1656, 'GNABOME-BIKAS', 2, 9, '2024-12-09 00:13:09', '2024-12-09 00:13:09', 58, NULL),
(1657, 'MA’AMENI', 2, 9, '2024-12-09 00:13:09', '2024-12-09 00:13:09', 58, NULL),
(1658, 'MBONG ETE', 2, 9, '2024-12-09 00:13:09', '2024-12-09 00:13:09', 58, NULL),
(1659, 'MEBAZA', 2, 9, '2024-12-09 00:13:09', '2024-12-09 00:13:09', 58, NULL),
(1660, 'MEDOUNOU ESSENG', 2, 9, '2024-12-09 00:13:09', '2024-12-09 00:13:09', 58, NULL),
(1661, 'MEKOMO ESSANDONE-EBANG ESSANDONE', 2, 9, '2024-12-09 00:13:09', '2024-12-09 00:13:09', 58, NULL),
(1662, 'MEKOMO-ESSENG', 2, 9, '2024-12-09 00:13:09', '2024-12-09 00:13:09', 58, NULL),
(1663, 'MELEP', 2, 9, '2024-12-09 00:13:09', '2024-12-09 00:13:09', 58, NULL),
(1664, 'MENDOUMA EFFACK', 2, 9, '2024-12-09 00:13:09', '2024-12-09 00:13:09', 58, NULL),
(1665, 'MENDOUMA ESSANGUI', 2, 9, '2024-12-09 00:13:09', '2024-12-09 00:13:09', 58, NULL),
(1666, 'MEYO-KYE', 2, 9, '2024-12-09 00:13:09', '2024-12-09 00:13:09', 58, NULL),
(1667, 'MFOUMOU-EFFACK', 2, 9, '2024-12-09 00:13:09', '2024-12-09 00:13:09', 58, NULL),
(1668, 'MIMBANG EFFACK', 2, 9, '2024-12-09 00:13:09', '2024-12-09 00:13:09', 58, NULL),
(1669, 'NKOK-LOA', 2, 9, '2024-12-09 00:13:09', '2024-12-09 00:13:09', 58, NULL),
(1670, 'NKOLMENGOUA', 2, 9, '2024-12-09 00:13:09', '2024-12-09 00:13:09', 58, NULL),
(1671, 'NKOUM EDOUM', 2, 9, '2024-12-09 00:13:09', '2024-12-09 00:13:09', 58, NULL),
(1672, 'NSIMI ESSENG', 2, 9, '2024-12-09 00:13:09', '2024-12-09 00:13:09', 58, NULL),
(1673, 'OVENG ESSANDONE', 2, 9, '2024-12-09 00:13:09', '2024-12-09 00:13:09', 58, NULL),
(1674, 'ABE-BIZANG', 3, 9, '2024-12-09 00:13:09', '2024-12-09 00:13:09', 58, NULL),
(1675, 'AKAME-EBANG', 3, 9, '2024-12-09 00:13:09', '2024-12-09 00:13:09', 58, NULL),
(1676, 'ANDOCK-BIBE', 3, 9, '2024-12-09 00:13:09', '2024-12-09 00:13:09', 58, NULL),
(1677, 'BINKONDOM', 3, 9, '2024-12-09 00:13:09', '2024-12-09 00:13:09', 58, NULL),
(1678, 'EDOUM-YEMESSOMO', 3, 9, '2024-12-09 00:13:09', '2024-12-09 00:13:09', 58, NULL),
(1679, 'ESSONE-NKODJOE', 3, 9, '2024-12-09 00:13:09', '2024-12-09 00:13:09', 58, NULL),
(1680, 'GNAZANG', 3, 9, '2024-12-09 00:13:09', '2024-12-09 00:13:09', 58, NULL),
(1681, 'HEVEGAB 1', 3, 9, '2024-12-09 00:13:09', '2024-12-09 00:13:09', 58, NULL),
(1682, 'HEVEGAB 2', 3, 9, '2024-12-09 00:13:09', '2024-12-09 00:13:09', 58, NULL),
(1683, 'MBIYOP-DOANE', 3, 9, '2024-12-09 00:13:09', '2024-12-09 00:13:09', 58, NULL),
(1684, 'MELO', 3, 9, '2024-12-09 00:13:09', '2024-12-09 00:13:09', 58, NULL),
(1685, 'MEYO-ESSOBAME-ANAMA', 3, 9, '2024-12-09 00:13:09', '2024-12-09 00:13:09', 58, NULL),
(1686, 'MEYO-NKODJOE', 3, 9, '2024-12-09 00:13:09', '2024-12-09 00:13:09', 58, NULL),
(1687, 'MEZALA', 3, 9, '2024-12-09 00:13:09', '2024-12-09 00:13:09', 58, NULL),
(1688, 'NKOK-EBE-EBA', 3, 9, '2024-12-09 00:13:09', '2024-12-09 00:13:09', 58, NULL),
(1689, 'NKOK-EBE-EFFACK', 3, 9, '2024-12-09 00:13:09', '2024-12-09 00:13:09', 58, NULL),
(1690, 'OFFOS', 3, 9, '2024-12-09 00:13:09', '2024-12-09 00:13:09', 58, NULL),
(1691, 'WOUMOU HEVEGAB 2', 3, 9, '2024-12-09 00:13:09', '2024-12-09 00:13:09', 58, NULL),
(1692, 'ZAMETSILI', 3, 9, '2024-12-09 00:13:09', '2024-12-09 00:13:09', 58, NULL),
(1693, 'ABANG-SI', 4, 9, '2024-12-09 00:13:09', '2024-12-09 00:13:09', 58, NULL),
(1694, 'AKAM EFFACK', 4, 9, '2024-12-09 00:13:09', '2024-12-09 00:13:09', 58, NULL),
(1695, 'AKOME-MENGOS', 4, 9, '2024-12-09 00:13:09', '2024-12-09 00:13:09', 58, NULL),
(1696, 'ALEN ESSENG', 4, 9, '2024-12-09 00:13:09', '2024-12-09 00:13:09', 58, NULL),
(1697, 'ALEN ESSENG', 4, 9, '2024-12-09 00:13:09', '2024-12-09 00:13:09', 58, NULL),
(1698, 'ASSOK-SEND', 4, 9, '2024-12-09 00:13:09', '2024-12-09 00:13:09', 58, NULL),
(1699, 'AWEGANE', 4, 9, '2024-12-09 00:13:09', '2024-12-09 00:13:09', 58, NULL),
(1700, 'AWOUA', 4, 9, '2024-12-09 00:13:09', '2024-12-09 00:13:09', 58, NULL),
(1701, 'BIBE EBA', 4, 9, '2024-12-09 00:13:09', '2024-12-09 00:13:09', 58, NULL),
(1702, 'BIKOUGOU', 4, 9, '2024-12-09 00:13:09', '2024-12-09 00:13:09', 58, NULL),
(1703, 'BILEOSSI EBA', 4, 9, '2024-12-09 00:13:09', '2024-12-09 00:13:09', 58, NULL),
(1704, 'BINDOUMESSANG', 4, 9, '2024-12-09 00:13:09', '2024-12-09 00:13:09', 58, NULL),
(1705, 'BISSONG VILLE', 4, 9, '2024-12-09 00:13:09', '2024-12-09 00:13:09', 58, NULL),
(1706, 'ENDAMA-EFFACK', 4, 9, '2024-12-09 00:13:09', '2024-12-09 00:13:09', 58, NULL),
(1707, 'FONG-ESSANDONE', 4, 9, '2024-12-09 00:13:09', '2024-12-09 00:13:09', 58, NULL),
(1708, 'FONG-ESSANDONE', 4, 9, '2024-12-09 00:13:09', '2024-12-09 00:13:09', 58, NULL),
(1709, 'KONOVILLE', 4, 9, '2024-12-09 00:13:09', '2024-12-09 00:13:09', 58, NULL),
(1710, 'MBO ESSANDONE', 4, 9, '2024-12-09 00:13:09', '2024-12-09 00:13:09', 58, NULL),
(1711, 'MEDOUMOU CENTRE', 4, 9, '2024-12-09 00:13:09', '2024-12-09 00:13:09', 58, NULL),
(1712, 'MEDOUMOU EBEIGNE', 4, 9, '2024-12-09 00:13:09', '2024-12-09 00:13:09', 58, NULL),
(1713, 'MEDOUMOU EBEIGNE', 4, 9, '2024-12-09 00:13:09', '2024-12-09 00:13:09', 58, NULL),
(1714, 'MEKAK EFFACK', 4, 9, '2024-12-09 00:13:09', '2024-12-09 00:13:09', 58, NULL),
(1715, 'MEKOMO EBA NKOUM', 4, 9, '2024-12-09 00:13:09', '2024-12-09 00:13:09', 58, NULL),
(1716, 'MELENE BIKANG', 4, 9, '2024-12-09 00:13:09', '2024-12-09 00:13:09', 58, NULL),
(1717, 'MELENE EFFACK', 4, 9, '2024-12-09 00:13:09', '2024-12-09 00:13:09', 58, NULL),
(1718, 'MENDOMO', 4, 9, '2024-12-09 00:13:09', '2024-12-09 00:13:09', 58, NULL),
(1719, 'MENDOUNG EBA', 4, 9, '2024-12-09 00:13:09', '2024-12-09 00:13:09', 58, NULL),
(1720, 'MESSANG', 4, 9, '2024-12-09 00:13:09', '2024-12-09 00:13:09', 58, NULL),
(1721, 'MVANE', 4, 9, '2024-12-09 00:13:09', '2024-12-09 00:13:09', 58, NULL),
(1722, 'NEB', 4, 9, '2024-12-09 00:13:09', '2024-12-09 00:13:09', 58, NULL),
(1723, 'NGOZOCK', 4, 9, '2024-12-09 00:13:09', '2024-12-09 00:13:09', 58, NULL),
(1724, 'NGOZOCK', 4, 9, '2024-12-09 00:13:09', '2024-12-09 00:13:09', 58, NULL),
(1725, 'NKOL MESSAS', 4, 9, '2024-12-09 00:13:09', '2024-12-09 00:13:09', 58, NULL),
(1726, 'NKOLAYOP ESSATOUK', 4, 9, '2024-12-09 00:13:09', '2024-12-09 00:13:09', 58, NULL),
(1727, 'OKOK', 4, 9, '2024-12-09 00:13:09', '2024-12-09 00:13:09', 58, NULL),
(1728, 'OYEM ESSABEGNE OBILI VILLE', 4, 9, '2024-12-09 00:13:09', '2024-12-09 00:13:09', 58, NULL),
(1729, 'TCHIMAZOCK', 4, 9, '2024-12-09 00:13:09', '2024-12-09 00:13:09', 58, NULL),
(1730, 'TOCK ESSANDONE', 4, 9, '2024-12-09 00:13:09', '2024-12-09 00:13:09', 58, NULL),
(1731, 'TOCK ESSANDONE', 4, 9, '2024-12-09 00:13:09', '2024-12-09 00:13:09', 58, NULL),
(1732, 'TOULOUSE', 4, 9, '2024-12-09 00:13:09', '2024-12-09 00:13:09', 58, NULL),
(1733, 'YANEMVE', 4, 9, '2024-12-09 00:13:09', '2024-12-09 00:13:09', 58, NULL),
(1734, 'AKONTANG', 1, 9, '2024-12-09 00:13:09', '2024-12-09 00:13:09', 59, NULL),
(1735, 'AVEBE', 1, 9, '2024-12-09 00:13:09', '2024-12-09 00:13:09', 59, NULL),
(1736, 'BIBAGA', 1, 9, '2024-12-09 00:13:09', '2024-12-09 00:13:09', 59, NULL),
(1737, 'BILO', 1, 9, '2024-12-09 00:13:09', '2024-12-09 00:13:09', 59, NULL),
(1738, 'CES CATHOLIQUE MINVOUL', 1, 9, '2024-12-09 00:13:09', '2024-12-09 00:13:09', 59, NULL),
(1739, 'ECOLE PUBLIQUE MINVOUL CENTRE', 1, 9, '2024-12-09 00:13:09', '2024-12-09 00:13:09', 59, NULL),
(1740, 'ECOLE PUBLIQUE NGONE', 1, 9, '2024-12-09 00:13:09', '2024-12-09 00:13:09', 59, NULL),
(1741, 'ELARMINTANG', 1, 9, '2024-12-09 00:13:09', '2024-12-09 00:13:09', 59, NULL),
(1742, 'MEDZONG', 1, 9, '2024-12-09 00:13:09', '2024-12-09 00:13:09', 59, NULL),
(1743, 'METOU', 1, 9, '2024-12-09 00:13:09', '2024-12-09 00:13:09', 59, NULL),
(1744, 'MIMBANG', 1, 9, '2024-12-09 00:13:09', '2024-12-09 00:13:09', 59, NULL),
(1745, 'MINDOUMOU', 1, 9, '2024-12-09 00:13:09', '2024-12-09 00:13:09', 59, NULL),
(1746, 'AKOULOUZOK', 1, 9, '2024-12-09 00:13:09', '2024-12-09 00:13:09', 59, NULL),
(1747, 'ASSOK', 1, 9, '2024-12-09 00:13:09', '2024-12-09 00:13:09', 59, NULL),
(1748, 'EBOMANE 1', 1, 9, '2024-12-09 00:13:09', '2024-12-09 00:13:09', 59, NULL),
(1749, 'EBOMANE 2', 1, 9, '2024-12-09 00:13:09', '2024-12-09 00:13:09', 59, NULL),
(1750, 'MEYOS', 1, 9, '2024-12-09 00:13:09', '2024-12-09 00:13:09', 59, NULL),
(1751, 'ZOGOLOUMOU', 1, 9, '2024-12-09 00:13:09', '2024-12-09 00:13:09', 59, NULL),
(1752, 'MBASS', 1, 9, '2024-12-09 00:13:09', '2024-12-09 00:13:09', 59, NULL),
(1753, 'NKOUM', 1, 9, '2024-12-09 00:13:09', '2024-12-09 00:13:09', 59, NULL),
(1754, 'AKOH', 2, 9, '2024-12-09 00:13:09', '2024-12-09 00:13:09', 59, NULL),
(1755, 'AKOK', 2, 9, '2024-12-09 00:13:09', '2024-12-09 00:13:09', 59, NULL),
(1756, 'ANDOME NKOTO', 2, 9, '2024-12-09 00:13:09', '2024-12-09 00:13:09', 59, NULL),
(1757, 'AYENGUENING', 2, 9, '2024-12-09 00:13:09', '2024-12-09 00:13:09', 59, NULL),
(1758, 'BELFORT', 2, 9, '2024-12-09 00:13:09', '2024-12-09 00:13:09', 59, NULL),
(1759, 'BENGUIAGA', 2, 9, '2024-12-09 00:13:09', '2024-12-09 00:13:09', 59, NULL),
(1760, 'BIBE-MELENE', 2, 9, '2024-12-09 00:13:09', '2024-12-09 00:13:09', 59, NULL),
(1761, 'BOLOSSOVILLE', 2, 9, '2024-12-09 00:13:09', '2024-12-09 00:13:09', 59, NULL),
(1762, 'BOUT-ENGASS', 2, 9, '2024-12-09 00:13:09', '2024-12-09 00:13:09', 59, NULL),
(1763, 'CENTRE VILLE', 2, 9, '2024-12-09 00:13:09', '2024-12-09 00:13:09', 59, NULL);
INSERT INTO `centrevotes` (`id`, `centrevote`, `siege_id`, `province_id`, `created_at`, `updated_at`, `commoudept_id`, `arrondissement_id`) VALUES
(1764, 'ESSONE-BEKOUE', 2, 9, '2024-12-09 00:13:09', '2024-12-09 00:13:09', 59, NULL),
(1765, 'MBOME', 2, 9, '2024-12-09 00:13:09', '2024-12-09 00:13:09', 59, NULL),
(1766, 'MBOUNANEVILLE', 2, 9, '2024-12-09 00:13:09', '2024-12-09 00:13:09', 59, NULL),
(1767, 'MEBOLO', 2, 9, '2024-12-09 00:13:09', '2024-12-09 00:13:09', 59, NULL),
(1768, 'MELEME', 2, 9, '2024-12-09 00:13:09', '2024-12-09 00:13:09', 59, NULL),
(1769, 'MEMVEME', 2, 9, '2024-12-09 00:13:09', '2024-12-09 00:13:09', 59, NULL),
(1770, 'MEYOH', 2, 9, '2024-12-09 00:13:09', '2024-12-09 00:13:09', 59, NULL),
(1771, 'MOMO', 2, 9, '2024-12-09 00:13:09', '2024-12-09 00:13:09', 59, NULL),
(1772, 'MVOLO', 2, 9, '2024-12-09 00:13:09', '2024-12-09 00:13:09', 59, NULL),
(1773, 'OVENG', 2, 9, '2024-12-09 00:13:09', '2024-12-09 00:13:09', 59, NULL),
(1774, 'ONGO’O', 2, 9, '2024-12-09 00:13:09', '2024-12-09 00:13:09', 59, NULL),
(1775, 'ANDOCK-ASSI', 2, 9, '2024-12-09 00:13:09', '2024-12-09 00:13:09', 59, NULL),
(1776, 'ATOUR', 1, 9, '2024-12-09 00:13:09', '2024-12-09 00:13:09', 60, NULL),
(1777, 'CES CATHOLIQUE', 1, 9, '2024-12-09 00:13:09', '2024-12-09 00:13:09', 60, NULL),
(1778, 'ECOLE CATHOLIQUE', 1, 9, '2024-12-09 00:13:09', '2024-12-09 00:13:09', 60, NULL),
(1779, 'ECOLE PROTESTANTE', 1, 9, '2024-12-09 00:13:09', '2024-12-09 00:13:09', 60, NULL),
(1780, 'ECOLE PUBLIQUE FEUCK SOLE', 1, 9, '2024-12-09 00:13:09', '2024-12-09 00:13:09', 60, NULL),
(1781, 'ECOLE PUBLIQUE MITZIC', 1, 9, '2024-12-09 00:13:09', '2024-12-09 00:13:09', 60, NULL),
(1782, 'HOPITAL', 1, 9, '2024-12-09 00:13:09', '2024-12-09 00:13:09', 60, NULL),
(1783, 'JARDIN D’ENFANT', 1, 9, '2024-12-09 00:13:09', '2024-12-09 00:13:09', 60, NULL),
(1784, 'METHUI', 1, 9, '2024-12-09 00:13:09', '2024-12-09 00:13:09', 60, NULL),
(1785, 'ABONG-MIANG', 2, 9, '2024-12-09 00:13:09', '2024-12-09 00:13:09', 60, NULL),
(1786, 'AYANE NKAR II', 2, 9, '2024-12-09 00:13:09', '2024-12-09 00:13:09', 60, NULL),
(1787, 'BABILONE', 2, 9, '2024-12-09 00:13:09', '2024-12-09 00:13:09', 60, NULL),
(1788, 'BENGUI-CHANTIER', 2, 9, '2024-12-09 00:13:09', '2024-12-09 00:13:09', 60, NULL),
(1789, 'EYINANE', 2, 9, '2024-12-09 00:13:09', '2024-12-09 00:13:09', 60, NULL),
(1790, 'HEVEGAB V 3 MIMPKWELE', 2, 9, '2024-12-09 00:13:09', '2024-12-09 00:13:09', 60, NULL),
(1791, 'HEVEGAB V 4 AKINETOM', 2, 9, '2024-12-09 00:13:09', '2024-12-09 00:13:09', 60, NULL),
(1792, 'LALARA', 2, 9, '2024-12-09 00:13:09', '2024-12-09 00:13:09', 60, NULL),
(1793, 'MIANG', 2, 9, '2024-12-09 00:13:09', '2024-12-09 00:13:09', 60, NULL),
(1794, 'MINDZI', 2, 9, '2024-12-09 00:13:09', '2024-12-09 00:13:09', 60, NULL),
(1795, 'MINKO-MI-BE', 2, 9, '2024-12-09 00:13:09', '2024-12-09 00:13:09', 60, NULL),
(1796, 'NGOMESSI', 2, 9, '2024-12-09 00:13:09', '2024-12-09 00:13:09', 60, NULL),
(1797, 'NSANG-ENGONG', 2, 9, '2024-12-09 00:13:09', '2024-12-09 00:13:09', 60, NULL),
(1798, 'OKALA', 2, 9, '2024-12-09 00:13:09', '2024-12-09 00:13:09', 60, NULL),
(1799, 'SAKE-VILLE', 2, 9, '2024-12-09 00:13:09', '2024-12-09 00:13:09', 60, NULL),
(1800, 'VIAFE', 2, 9, '2024-12-09 00:13:09', '2024-12-09 00:13:09', 60, NULL),
(1801, 'EDOUNG-ALANG', 3, 9, '2024-12-09 00:13:09', '2024-12-09 00:13:09', 60, NULL),
(1802, 'EGNENG-MELENE', 3, 9, '2024-12-09 00:13:09', '2024-12-09 00:13:09', 60, NULL),
(1803, 'EKOUK-VILLE', 3, 9, '2024-12-09 00:13:09', '2024-12-09 00:13:09', 60, NULL),
(1804, 'ESSONG VILLE', 3, 9, '2024-12-09 00:13:09', '2024-12-09 00:13:09', 60, NULL),
(1805, 'HEVEGAB V1 DOUM', 3, 9, '2024-12-09 00:13:09', '2024-12-09 00:13:09', 60, NULL),
(1806, 'HEVEGAB V2 BIKOUME', 3, 9, '2024-12-09 00:13:09', '2024-12-09 00:13:09', 60, NULL),
(1807, 'AKONEBE', 3, 9, '2024-12-09 00:13:09', '2024-12-09 00:13:09', 60, NULL),
(1808, 'ANGOUMA', 3, 9, '2024-12-09 00:13:09', '2024-12-09 00:13:09', 60, NULL),
(1809, 'BELLE VILLE', 3, 9, '2024-12-09 00:13:09', '2024-12-09 00:13:09', 60, NULL),
(1810, 'DOUALA', 3, 9, '2024-12-09 00:13:09', '2024-12-09 00:13:09', 60, NULL),
(1811, 'DOUMANDZOU', 3, 9, '2024-12-09 00:13:09', '2024-12-09 00:13:09', 60, NULL),
(1812, 'LA HOLLANDE', 3, 9, '2024-12-09 00:13:09', '2024-12-09 00:13:09', 60, NULL),
(1813, 'MBELALENE', 3, 9, '2024-12-09 00:13:09', '2024-12-09 00:13:09', 60, NULL),
(1814, 'MEBOLE', 3, 9, '2024-12-09 00:13:09', '2024-12-09 00:13:09', 60, NULL),
(1815, 'MELENE', 3, 9, '2024-12-09 00:13:09', '2024-12-09 00:13:09', 60, NULL),
(1816, 'NKOL-AYO', 3, 9, '2024-12-09 00:13:09', '2024-12-09 00:13:09', 60, NULL),
(1817, 'ABOUI', 3, 9, '2024-12-09 00:13:09', '2024-12-09 00:13:09', 60, NULL),
(1818, 'SAM-CENTRE', 3, 9, '2024-12-09 00:13:09', '2024-12-09 00:13:09', 60, NULL),
(1819, 'ATOUT (CHEF DE VILLAGE)', 1, 9, '2024-12-09 00:13:09', '2024-12-09 00:13:09', 61, NULL),
(1820, 'ECOLE PRIVEE CATHOLIQUE ABAMASSI', 1, 9, '2024-12-09 00:13:09', '2024-12-09 00:13:09', 61, NULL),
(1821, 'ECOLE PRIVEE PROTESTANTE EFOULANE', 1, 9, '2024-12-09 00:13:09', '2024-12-09 00:13:09', 61, NULL),
(1822, 'ECOLE PRIVEE PROTESTANTE ENIENG-MELEN', 1, 9, '2024-12-09 00:13:09', '2024-12-09 00:13:09', 61, NULL),
(1823, 'ECOLE PUBLIQUE', 1, 9, '2024-12-09 00:13:09', '2024-12-09 00:13:09', 61, NULL),
(1824, 'EFAUT', 1, 9, '2024-12-09 00:13:09', '2024-12-09 00:13:09', 61, NULL),
(1825, 'EFAUT-B', 1, 9, '2024-12-09 00:13:09', '2024-12-09 00:13:09', 61, NULL),
(1826, 'ETSAMEYONG', 1, 9, '2024-12-09 00:13:09', '2024-12-09 00:13:09', 61, NULL),
(1827, 'MONT-BENIT-A (CHEF DE VILLAGE)', 1, 9, '2024-12-09 00:13:09', '2024-12-09 00:13:09', 61, NULL),
(1828, 'MONT-BENIT-A', 1, 9, '2024-12-09 00:13:09', '2024-12-09 00:13:09', 61, NULL),
(1829, 'NKOME-MBE', 1, 9, '2024-12-09 00:13:09', '2024-12-09 00:13:09', 61, NULL),
(1830, 'NKOUALA', 1, 9, '2024-12-09 00:13:09', '2024-12-09 00:13:09', 61, NULL),
(1831, 'AKOGA', 2, 9, '2024-12-09 00:13:09', '2024-12-09 00:13:09', 61, NULL),
(1832, 'ASSOK', 2, 9, '2024-12-09 00:13:09', '2024-12-09 00:13:09', 61, NULL),
(1833, 'AVANG', 2, 9, '2024-12-09 00:13:09', '2024-12-09 00:13:09', 61, NULL),
(1834, 'EDOUM', 2, 9, '2024-12-09 00:13:09', '2024-12-09 00:13:09', 61, NULL),
(1835, 'ETSAME 1', 2, 9, '2024-12-09 00:13:09', '2024-12-09 00:13:09', 61, NULL),
(1836, 'MBEAKELAYONG', 2, 9, '2024-12-09 00:13:09', '2024-12-09 00:13:09', 61, NULL),
(1837, 'NKINENN A', 2, 9, '2024-12-09 00:13:10', '2024-12-09 00:13:10', 61, NULL),
(1838, 'NKINENN B', 2, 9, '2024-12-09 00:13:10', '2024-12-09 00:13:10', 61, NULL),
(1839, 'NZOGBOUR', 2, 9, '2024-12-09 00:13:10', '2024-12-09 00:13:10', 61, NULL),
(1840, 'NZORENGONE', 2, 9, '2024-12-09 00:13:10', '2024-12-09 00:13:10', 61, NULL),
(1841, 'SONG', 2, 9, '2024-12-09 00:13:10', '2024-12-09 00:13:10', 61, NULL);

-- --------------------------------------------------------

--
-- Structure de la table `changements`
--

CREATE TABLE `changements` (
  `id` bigint(20) UNSIGNED NOT NULL,
  `identification_id` bigint(20) UNSIGNED NOT NULL,
  `electeur_id` bigint(20) UNSIGNED NOT NULL,
  `centrevote_id` bigint(20) UNSIGNED NOT NULL,
  `created_at` timestamp NULL DEFAULT NULL,
  `updated_at` timestamp NULL DEFAULT NULL
) ENGINE=InnoDB DEFAULT CHARSET=utf8mb4 COLLATE=utf8mb4_unicode_ci;

-- --------------------------------------------------------

--
-- Structure de la table `commet_arrondissements`
--

CREATE TABLE `commet_arrondissements` (
  `id` bigint(20) UNSIGNED NOT NULL,
  `arrondissement_id` bigint(20) UNSIGNED NOT NULL,
  `commoudept_id` bigint(20) UNSIGNED NOT NULL,
  `created_at` timestamp NULL DEFAULT NULL,
  `updated_at` timestamp NULL DEFAULT NULL
) ENGINE=InnoDB DEFAULT CHARSET=utf8mb4 COLLATE=utf8mb4_unicode_ci;

--
-- Déchargement des données de la table `commet_arrondissements`
--

INSERT INTO `commet_arrondissements` (`id`, `arrondissement_id`, `commoudept_id`, `created_at`, `updated_at`) VALUES
(1, 1, 1, '2024-12-09 00:08:25', '2024-12-09 00:08:25'),
(2, 1, 1, '2024-12-09 00:08:25', '2024-12-09 00:08:25'),
(3, 1, 1, '2024-12-09 00:08:25', '2024-12-09 00:08:25'),
(4, 1, 1, '2024-12-09 00:08:25', '2024-12-09 00:08:25'),
(5, 1, 1, '2024-12-09 00:08:25', '2024-12-09 00:08:25'),
(6, 1, 1, '2024-12-09 00:08:25', '2024-12-09 00:08:25'),
(7, 1, 1, '2024-12-09 00:08:25', '2024-12-09 00:08:25'),
(8, 1, 1, '2024-12-09 00:08:25', '2024-12-09 00:08:25'),
(9, 1, 1, '2024-12-09 00:08:25', '2024-12-09 00:08:25'),
(10, 1, 1, '2024-12-09 00:08:25', '2024-12-09 00:08:25'),
(11, 1, 1, '2024-12-09 00:08:25', '2024-12-09 00:08:25'),
(12, 1, 1, '2024-12-09 00:08:25', '2024-12-09 00:08:25'),
(13, 1, 1, '2024-12-09 00:08:25', '2024-12-09 00:08:25'),
(14, 1, 1, '2024-12-09 00:08:25', '2024-12-09 00:08:25'),
(15, 1, 1, '2024-12-09 00:08:25', '2024-12-09 00:08:25'),
(16, 1, 1, '2024-12-09 00:08:25', '2024-12-09 00:08:25'),
(17, 1, 1, '2024-12-09 00:08:25', '2024-12-09 00:08:25'),
(18, 1, 1, '2024-12-09 00:08:25', '2024-12-09 00:08:25'),
(19, 1, 1, '2024-12-09 00:08:25', '2024-12-09 00:08:25'),
(20, 1, 1, '2024-12-09 00:08:25', '2024-12-09 00:08:25'),
(21, 1, 1, '2024-12-09 00:08:25', '2024-12-09 00:08:25'),
(22, 1, 1, '2024-12-09 00:08:25', '2024-12-09 00:08:25'),
(23, 1, 1, '2024-12-09 00:08:25', '2024-12-09 00:08:25'),
(24, 2, 1, '2024-12-09 00:08:25', '2024-12-09 00:08:25'),
(25, 2, 1, '2024-12-09 00:08:25', '2024-12-09 00:08:25'),
(26, 2, 1, '2024-12-09 00:08:25', '2024-12-09 00:08:25'),
(27, 2, 1, '2024-12-09 00:08:25', '2024-12-09 00:08:25'),
(28, 2, 1, '2024-12-09 00:08:25', '2024-12-09 00:08:25'),
(29, 2, 1, '2024-12-09 00:08:25', '2024-12-09 00:08:25'),
(30, 2, 1, '2024-12-09 00:08:25', '2024-12-09 00:08:25'),
(31, 2, 1, '2024-12-09 00:08:25', '2024-12-09 00:08:25'),
(32, 2, 1, '2024-12-09 00:08:25', '2024-12-09 00:08:25'),
(33, 2, 1, '2024-12-09 00:08:25', '2024-12-09 00:08:25'),
(34, 2, 1, '2024-12-09 00:08:25', '2024-12-09 00:08:25'),
(35, 2, 1, '2024-12-09 00:08:25', '2024-12-09 00:08:25'),
(36, 2, 1, '2024-12-09 00:08:25', '2024-12-09 00:08:25'),
(37, 2, 1, '2024-12-09 00:08:25', '2024-12-09 00:08:25'),
(38, 2, 1, '2024-12-09 00:08:25', '2024-12-09 00:08:25'),
(39, 2, 1, '2024-12-09 00:08:25', '2024-12-09 00:08:25'),
(40, 3, 1, '2024-12-09 00:08:25', '2024-12-09 00:08:25'),
(41, 3, 1, '2024-12-09 00:08:25', '2024-12-09 00:08:25'),
(42, 3, 1, '2024-12-09 00:08:25', '2024-12-09 00:08:25'),
(43, 3, 1, '2024-12-09 00:08:25', '2024-12-09 00:08:25'),
(44, 3, 1, '2024-12-09 00:08:25', '2024-12-09 00:08:25'),
(45, 3, 1, '2024-12-09 00:08:25', '2024-12-09 00:08:25'),
(46, 3, 1, '2024-12-09 00:08:25', '2024-12-09 00:08:25'),
(47, 3, 1, '2024-12-09 00:08:25', '2024-12-09 00:08:25'),
(48, 3, 1, '2024-12-09 00:08:25', '2024-12-09 00:08:25'),
(49, 3, 1, '2024-12-09 00:08:25', '2024-12-09 00:08:25'),
(50, 3, 1, '2024-12-09 00:08:25', '2024-12-09 00:08:25'),
(51, 3, 1, '2024-12-09 00:08:25', '2024-12-09 00:08:25'),
(52, 3, 1, '2024-12-09 00:08:25', '2024-12-09 00:08:25'),
(53, 3, 1, '2024-12-09 00:08:25', '2024-12-09 00:08:25'),
(54, 3, 1, '2024-12-09 00:08:25', '2024-12-09 00:08:25'),
(55, 3, 1, '2024-12-09 00:08:25', '2024-12-09 00:08:25'),
(56, 3, 1, '2024-12-09 00:08:25', '2024-12-09 00:08:25'),
(57, 3, 1, '2024-12-09 00:08:25', '2024-12-09 00:08:25'),
(58, 3, 1, '2024-12-09 00:08:25', '2024-12-09 00:08:25'),
(59, 3, 1, '2024-12-09 00:08:25', '2024-12-09 00:08:25'),
(60, 3, 1, '2024-12-09 00:08:25', '2024-12-09 00:08:25'),
(61, 3, 1, '2024-12-09 00:08:25', '2024-12-09 00:08:25'),
(62, 3, 1, '2024-12-09 00:08:25', '2024-12-09 00:08:25'),
(63, 3, 1, '2024-12-09 00:08:25', '2024-12-09 00:08:25'),
(64, 4, 1, '2024-12-09 00:08:25', '2024-12-09 00:08:25'),
(65, 4, 1, '2024-12-09 00:08:25', '2024-12-09 00:08:25'),
(66, 4, 1, '2024-12-09 00:08:25', '2024-12-09 00:08:25'),
(67, 4, 1, '2024-12-09 00:08:25', '2024-12-09 00:08:25'),
(68, 4, 1, '2024-12-09 00:08:25', '2024-12-09 00:08:25'),
(69, 4, 1, '2024-12-09 00:08:25', '2024-12-09 00:08:25'),
(70, 4, 1, '2024-12-09 00:08:25', '2024-12-09 00:08:25'),
(71, 4, 1, '2024-12-09 00:08:25', '2024-12-09 00:08:25'),
(72, 4, 1, '2024-12-09 00:08:25', '2024-12-09 00:08:25'),
(73, 4, 1, '2024-12-09 00:08:25', '2024-12-09 00:08:25'),
(74, 4, 1, '2024-12-09 00:08:25', '2024-12-09 00:08:25'),
(75, 4, 1, '2024-12-09 00:08:25', '2024-12-09 00:08:25'),
(76, 4, 1, '2024-12-09 00:08:25', '2024-12-09 00:08:25'),
(77, 4, 1, '2024-12-09 00:08:25', '2024-12-09 00:08:25'),
(78, 4, 1, '2024-12-09 00:08:25', '2024-12-09 00:08:25'),
(79, 5, 1, '2024-12-09 00:08:25', '2024-12-09 00:08:25'),
(80, 5, 1, '2024-12-09 00:08:25', '2024-12-09 00:08:25'),
(81, 5, 1, '2024-12-09 00:08:25', '2024-12-09 00:08:25'),
(82, 5, 1, '2024-12-09 00:08:25', '2024-12-09 00:08:25'),
(83, 5, 1, '2024-12-09 00:08:25', '2024-12-09 00:08:25'),
(84, 5, 1, '2024-12-09 00:08:25', '2024-12-09 00:08:25'),
(85, 5, 1, '2024-12-09 00:08:25', '2024-12-09 00:08:25'),
(86, 5, 1, '2024-12-09 00:08:25', '2024-12-09 00:08:25'),
(87, 5, 1, '2024-12-09 00:08:25', '2024-12-09 00:08:25'),
(88, 5, 1, '2024-12-09 00:08:25', '2024-12-09 00:08:25'),
(89, 5, 1, '2024-12-09 00:08:25', '2024-12-09 00:08:25'),
(90, 5, 1, '2024-12-09 00:08:25', '2024-12-09 00:08:25'),
(91, 5, 1, '2024-12-09 00:08:25', '2024-12-09 00:08:25'),
(92, 5, 1, '2024-12-09 00:08:25', '2024-12-09 00:08:25'),
(93, 5, 1, '2024-12-09 00:08:25', '2024-12-09 00:08:25'),
(94, 5, 1, '2024-12-09 00:08:25', '2024-12-09 00:08:25'),
(95, 5, 1, '2024-12-09 00:08:25', '2024-12-09 00:08:25'),
(96, 6, 1, '2024-12-09 00:08:25', '2024-12-09 00:08:25'),
(97, 6, 1, '2024-12-09 00:08:25', '2024-12-09 00:08:25'),
(98, 6, 1, '2024-12-09 00:08:25', '2024-12-09 00:08:25'),
(99, 6, 1, '2024-12-09 00:08:25', '2024-12-09 00:08:25'),
(100, 6, 1, '2024-12-09 00:08:25', '2024-12-09 00:08:25'),
(101, 6, 1, '2024-12-09 00:08:25', '2024-12-09 00:08:25'),
(102, 6, 1, '2024-12-09 00:08:25', '2024-12-09 00:08:25'),
(103, 6, 1, '2024-12-09 00:08:25', '2024-12-09 00:08:25'),
(104, 6, 1, '2024-12-09 00:08:25', '2024-12-09 00:08:25'),
(105, 6, 1, '2024-12-09 00:08:25', '2024-12-09 00:08:25'),
(106, 6, 1, '2024-12-09 00:08:25', '2024-12-09 00:08:25'),
(107, 6, 1, '2024-12-09 00:08:25', '2024-12-09 00:08:25'),
(108, 6, 1, '2024-12-09 00:08:25', '2024-12-09 00:08:25'),
(109, 6, 1, '2024-12-09 00:08:25', '2024-12-09 00:08:25'),
(110, 6, 1, '2024-12-09 00:08:25', '2024-12-09 00:08:25'),
(111, 6, 1, '2024-12-09 00:08:25', '2024-12-09 00:08:25'),
(112, 6, 1, '2024-12-09 00:08:25', '2024-12-09 00:08:25'),
(113, 6, 1, '2024-12-09 00:08:25', '2024-12-09 00:08:25'),
(114, 6, 1, '2024-12-09 00:08:25', '2024-12-09 00:08:25'),
(115, 6, 1, '2024-12-09 00:08:25', '2024-12-09 00:08:25'),
(116, 1, 2, '2024-12-09 00:08:25', '2024-12-09 00:08:25'),
(117, 1, 2, '2024-12-09 00:08:25', '2024-12-09 00:08:25'),
(118, 1, 2, '2024-12-09 00:08:25', '2024-12-09 00:08:25'),
(119, 1, 2, '2024-12-09 00:08:25', '2024-12-09 00:08:25'),
(120, 1, 2, '2024-12-09 00:08:25', '2024-12-09 00:08:25'),
(121, 1, 2, '2024-12-09 00:08:25', '2024-12-09 00:08:25'),
(122, 1, 2, '2024-12-09 00:08:25', '2024-12-09 00:08:25'),
(123, 1, 2, '2024-12-09 00:08:25', '2024-12-09 00:08:25'),
(124, 1, 2, '2024-12-09 00:08:25', '2024-12-09 00:08:25'),
(125, 2, 2, '2024-12-09 00:08:25', '2024-12-09 00:08:25'),
(126, 2, 2, '2024-12-09 00:08:25', '2024-12-09 00:08:25'),
(127, 2, 2, '2024-12-09 00:08:25', '2024-12-09 00:08:25'),
(128, 2, 2, '2024-12-09 00:08:25', '2024-12-09 00:08:25'),
(129, 1, 3, '2024-12-09 00:08:25', '2024-12-09 00:08:25'),
(130, 1, 3, '2024-12-09 00:08:25', '2024-12-09 00:08:25'),
(131, 1, 3, '2024-12-09 00:08:25', '2024-12-09 00:08:25'),
(132, 1, 3, '2024-12-09 00:08:25', '2024-12-09 00:08:25'),
(133, 1, 3, '2024-12-09 00:08:25', '2024-12-09 00:08:25'),
(134, 1, 3, '2024-12-09 00:08:25', '2024-12-09 00:08:25'),
(135, 1, 3, '2024-12-09 00:08:25', '2024-12-09 00:08:25'),
(136, 1, 3, '2024-12-09 00:08:25', '2024-12-09 00:08:25'),
(137, 1, 3, '2024-12-09 00:08:25', '2024-12-09 00:08:25'),
(138, 2, 3, '2024-12-09 00:08:25', '2024-12-09 00:08:25'),
(139, 2, 3, '2024-12-09 00:08:25', '2024-12-09 00:08:25'),
(140, 2, 3, '2024-12-09 00:08:25', '2024-12-09 00:08:25'),
(141, 1, 4, '2024-12-09 00:08:25', '2024-12-09 00:08:25'),
(142, 1, 4, '2024-12-09 00:08:25', '2024-12-09 00:08:25'),
(143, 1, 4, '2024-12-09 00:08:25', '2024-12-09 00:08:25'),
(144, 1, 4, '2024-12-09 00:08:25', '2024-12-09 00:08:25'),
(145, 1, 4, '2024-12-09 00:08:25', '2024-12-09 00:08:25'),
(146, 1, 4, '2024-12-09 00:08:25', '2024-12-09 00:08:25'),
(147, 1, 4, '2024-12-09 00:08:25', '2024-12-09 00:08:25'),
(148, 1, 4, '2024-12-09 00:08:25', '2024-12-09 00:08:25'),
(149, 1, 4, '2024-12-09 00:08:25', '2024-12-09 00:08:25'),
(150, 1, 4, '2024-12-09 00:08:25', '2024-12-09 00:08:25'),
(151, 1, 4, '2024-12-09 00:08:25', '2024-12-09 00:08:25'),
(152, 1, 4, '2024-12-09 00:08:25', '2024-12-09 00:08:25'),
(153, 1, 4, '2024-12-09 00:08:25', '2024-12-09 00:08:25'),
(154, 2, 4, '2024-12-09 00:08:25', '2024-12-09 00:08:25'),
(155, 2, 4, '2024-12-09 00:08:25', '2024-12-09 00:08:25'),
(156, 2, 4, '2024-12-09 00:08:25', '2024-12-09 00:08:25'),
(157, 2, 4, '2024-12-09 00:08:25', '2024-12-09 00:08:25'),
(158, 2, 4, '2024-12-09 00:08:25', '2024-12-09 00:08:25'),
(159, 2, 4, '2024-12-09 00:08:25', '2024-12-09 00:08:25'),
(160, 3, 4, '2024-12-09 00:08:25', '2024-12-09 00:08:25'),
(161, 3, 4, '2024-12-09 00:08:25', '2024-12-09 00:08:25'),
(162, 3, 4, '2024-12-09 00:08:25', '2024-12-09 00:08:25'),
(163, 3, 4, '2024-12-09 00:08:25', '2024-12-09 00:08:25'),
(164, 3, 4, '2024-12-09 00:08:25', '2024-12-09 00:08:25'),
(165, 1, 9, '2024-12-09 00:08:25', '2024-12-09 00:08:25'),
(166, 1, 9, '2024-12-09 00:08:25', '2024-12-09 00:08:25'),
(167, 1, 9, '2024-12-09 00:08:25', '2024-12-09 00:08:25'),
(168, 1, 9, '2024-12-09 00:08:25', '2024-12-09 00:08:25'),
(169, 1, 9, '2024-12-09 00:08:25', '2024-12-09 00:08:25'),
(170, 1, 9, '2024-12-09 00:08:25', '2024-12-09 00:08:25'),
(171, 1, 9, '2024-12-09 00:08:25', '2024-12-09 00:08:25'),
(172, 1, 9, '2024-12-09 00:08:25', '2024-12-09 00:08:25'),
(173, 2, 9, '2024-12-09 00:08:25', '2024-12-09 00:08:25'),
(174, 2, 9, '2024-12-09 00:08:25', '2024-12-09 00:08:25'),
(175, 2, 9, '2024-12-09 00:08:25', '2024-12-09 00:08:25'),
(176, 2, 9, '2024-12-09 00:08:25', '2024-12-09 00:08:25'),
(177, 2, 9, '2024-12-09 00:08:25', '2024-12-09 00:08:25'),
(178, 2, 9, '2024-12-09 00:08:25', '2024-12-09 00:08:25'),
(179, 2, 9, '2024-12-09 00:08:25', '2024-12-09 00:08:25'),
(180, 2, 9, '2024-12-09 00:08:25', '2024-12-09 00:08:25'),
(181, 2, 9, '2024-12-09 00:08:25', '2024-12-09 00:08:25'),
(182, 2, 9, '2024-12-09 00:08:25', '2024-12-09 00:08:25'),
(183, 2, 9, '2024-12-09 00:08:25', '2024-12-09 00:08:25'),
(184, 2, 9, '2024-12-09 00:08:25', '2024-12-09 00:08:25'),
(185, 2, 9, '2024-12-09 00:08:25', '2024-12-09 00:08:25'),
(186, 3, 9, '2024-12-09 00:08:25', '2024-12-09 00:08:25'),
(187, 3, 9, '2024-12-09 00:08:25', '2024-12-09 00:08:25'),
(188, 3, 9, '2024-12-09 00:08:25', '2024-12-09 00:08:25'),
(189, 3, 9, '2024-12-09 00:08:25', '2024-12-09 00:08:25'),
(190, 3, 9, '2024-12-09 00:08:25', '2024-12-09 00:08:25'),
(191, 3, 9, '2024-12-09 00:08:25', '2024-12-09 00:08:25'),
(192, 3, 9, '2024-12-09 00:08:25', '2024-12-09 00:08:25'),
(193, 3, 9, '2024-12-09 00:08:25', '2024-12-09 00:08:25'),
(194, 3, 9, '2024-12-09 00:08:25', '2024-12-09 00:08:25'),
(195, 3, 9, '2024-12-09 00:08:25', '2024-12-09 00:08:25'),
(196, 3, 9, '2024-12-09 00:08:25', '2024-12-09 00:08:25'),
(197, 3, 9, '2024-12-09 00:08:25', '2024-12-09 00:08:25'),
(198, 3, 9, '2024-12-09 00:08:25', '2024-12-09 00:08:25'),
(199, 4, 9, '2024-12-09 00:08:25', '2024-12-09 00:08:25'),
(200, 4, 9, '2024-12-09 00:08:25', '2024-12-09 00:08:25'),
(201, 4, 9, '2024-12-09 00:08:25', '2024-12-09 00:08:25'),
(202, 4, 9, '2024-12-09 00:08:25', '2024-12-09 00:08:25'),
(203, 4, 9, '2024-12-09 00:08:25', '2024-12-09 00:08:25'),
(204, 4, 9, '2024-12-09 00:08:25', '2024-12-09 00:08:25'),
(205, 4, 9, '2024-12-09 00:08:25', '2024-12-09 00:08:25'),
(206, 4, 9, '2024-12-09 00:08:25', '2024-12-09 00:08:25'),
(207, 1, 12, '2024-12-09 00:08:25', '2024-12-09 00:08:25'),
(208, 1, 12, '2024-12-09 00:08:25', '2024-12-09 00:08:25'),
(209, 1, 12, '2024-12-09 00:08:25', '2024-12-09 00:08:25'),
(210, 1, 12, '2024-12-09 00:08:25', '2024-12-09 00:08:25'),
(211, 1, 12, '2024-12-09 00:08:25', '2024-12-09 00:08:25'),
(212, 1, 12, '2024-12-09 00:08:25', '2024-12-09 00:08:25'),
(213, 1, 12, '2024-12-09 00:08:25', '2024-12-09 00:08:25'),
(214, 1, 12, '2024-12-09 00:08:25', '2024-12-09 00:08:25'),
(215, 1, 12, '2024-12-09 00:08:25', '2024-12-09 00:08:25'),
(216, 1, 12, '2024-12-09 00:08:25', '2024-12-09 00:08:25'),
(217, 1, 12, '2024-12-09 00:08:25', '2024-12-09 00:08:25'),
(218, 1, 12, '2024-12-09 00:08:25', '2024-12-09 00:08:25'),
(219, 1, 12, '2024-12-09 00:08:25', '2024-12-09 00:08:25'),
(220, 1, 12, '2024-12-09 00:08:25', '2024-12-09 00:08:25'),
(221, 1, 12, '2024-12-09 00:08:25', '2024-12-09 00:08:25'),
(222, 1, 12, '2024-12-09 00:08:25', '2024-12-09 00:08:25'),
(223, 2, 12, '2024-12-09 00:08:25', '2024-12-09 00:08:25'),
(224, 2, 12, '2024-12-09 00:08:25', '2024-12-09 00:08:25'),
(225, 2, 12, '2024-12-09 00:08:25', '2024-12-09 00:08:25'),
(226, 2, 12, '2024-12-09 00:08:25', '2024-12-09 00:08:25'),
(227, 2, 12, '2024-12-09 00:08:25', '2024-12-09 00:08:25'),
(228, 2, 12, '2024-12-09 00:08:25', '2024-12-09 00:08:25'),
(229, 2, 12, '2024-12-09 00:08:25', '2024-12-09 00:08:25'),
(230, 2, 12, '2024-12-09 00:08:25', '2024-12-09 00:08:25'),
(231, 2, 12, '2024-12-09 00:08:25', '2024-12-09 00:08:25'),
(232, 2, 12, '2024-12-09 00:08:25', '2024-12-09 00:08:25'),
(233, 2, 12, '2024-12-09 00:08:25', '2024-12-09 00:08:25'),
(234, 1, 22, '2024-12-09 00:08:25', '2024-12-09 00:08:25'),
(235, 1, 22, '2024-12-09 00:08:25', '2024-12-09 00:08:25'),
(236, 1, 22, '2024-12-09 00:08:25', '2024-12-09 00:08:25'),
(237, 1, 22, '2024-12-09 00:08:25', '2024-12-09 00:08:25'),
(238, 1, 22, '2024-12-09 00:08:25', '2024-12-09 00:08:25'),
(239, 1, 22, '2024-12-09 00:08:25', '2024-12-09 00:08:25'),
(240, 1, 22, '2024-12-09 00:08:25', '2024-12-09 00:08:25'),
(241, 1, 22, '2024-12-09 00:08:25', '2024-12-09 00:08:25'),
(242, 1, 22, '2024-12-09 00:08:25', '2024-12-09 00:08:25'),
(243, 1, 22, '2024-12-09 00:08:25', '2024-12-09 00:08:25'),
(244, 1, 22, '2024-12-09 00:08:25', '2024-12-09 00:08:25'),
(245, 1, 22, '2024-12-09 00:08:25', '2024-12-09 00:08:25'),
(246, 1, 22, '2024-12-09 00:08:25', '2024-12-09 00:08:25'),
(247, 2, 22, '2024-12-09 00:08:25', '2024-12-09 00:08:25'),
(248, 2, 22, '2024-12-09 00:08:25', '2024-12-09 00:08:25'),
(249, 2, 22, '2024-12-09 00:08:25', '2024-12-09 00:08:25'),
(250, 2, 22, '2024-12-09 00:08:25', '2024-12-09 00:08:25'),
(251, 2, 22, '2024-12-09 00:08:25', '2024-12-09 00:08:25'),
(252, 2, 22, '2024-12-09 00:08:25', '2024-12-09 00:08:25'),
(253, 2, 22, '2024-12-09 00:08:25', '2024-12-09 00:08:25'),
(254, 2, 22, '2024-12-09 00:08:25', '2024-12-09 00:08:25'),
(255, 2, 22, '2024-12-09 00:08:25', '2024-12-09 00:08:25'),
(256, 2, 22, '2024-12-09 00:08:25', '2024-12-09 00:08:25'),
(257, 2, 22, '2024-12-09 00:08:25', '2024-12-09 00:08:25'),
(258, 1, 25, '2024-12-09 00:08:25', '2024-12-09 00:08:25'),
(259, 1, 25, '2024-12-09 00:08:25', '2024-12-09 00:08:25'),
(260, 1, 25, '2024-12-09 00:08:25', '2024-12-09 00:08:25'),
(261, 1, 25, '2024-12-09 00:08:25', '2024-12-09 00:08:25'),
(262, 1, 25, '2024-12-09 00:08:25', '2024-12-09 00:08:25'),
(263, 1, 25, '2024-12-09 00:08:25', '2024-12-09 00:08:25'),
(264, 1, 25, '2024-12-09 00:08:25', '2024-12-09 00:08:25'),
(265, 1, 25, '2024-12-09 00:08:25', '2024-12-09 00:08:25'),
(266, 1, 25, '2024-12-09 00:08:25', '2024-12-09 00:08:25'),
(267, 1, 25, '2024-12-09 00:08:25', '2024-12-09 00:08:25'),
(268, 1, 25, '2024-12-09 00:08:25', '2024-12-09 00:08:25'),
(269, 2, 25, '2024-12-09 00:08:25', '2024-12-09 00:08:25'),
(270, 2, 25, '2024-12-09 00:08:25', '2024-12-09 00:08:25'),
(271, 2, 25, '2024-12-09 00:08:25', '2024-12-09 00:08:25'),
(272, 2, 25, '2024-12-09 00:08:25', '2024-12-09 00:08:25'),
(273, 2, 25, '2024-12-09 00:08:25', '2024-12-09 00:08:25'),
(274, 1, 35, '2024-12-09 00:08:25', '2024-12-09 00:08:25'),
(275, 1, 35, '2024-12-09 00:08:25', '2024-12-09 00:08:25'),
(276, 1, 35, '2024-12-09 00:08:25', '2024-12-09 00:08:25'),
(277, 1, 35, '2024-12-09 00:08:25', '2024-12-09 00:08:25'),
(278, 1, 35, '2024-12-09 00:08:25', '2024-12-09 00:08:25'),
(279, 1, 35, '2024-12-09 00:08:25', '2024-12-09 00:08:25'),
(280, 1, 35, '2024-12-09 00:08:25', '2024-12-09 00:08:25'),
(281, 1, 35, '2024-12-09 00:08:25', '2024-12-09 00:08:25'),
(282, 1, 35, '2024-12-09 00:08:25', '2024-12-09 00:08:25'),
(283, 1, 35, '2024-12-09 00:08:25', '2024-12-09 00:08:25'),
(284, 1, 35, '2024-12-09 00:08:25', '2024-12-09 00:08:25'),
(285, 1, 35, '2024-12-09 00:08:25', '2024-12-09 00:08:25'),
(286, 1, 35, '2024-12-09 00:08:25', '2024-12-09 00:08:25'),
(287, 1, 35, '2024-12-09 00:08:25', '2024-12-09 00:08:25'),
(288, 1, 35, '2024-12-09 00:08:25', '2024-12-09 00:08:25'),
(289, 1, 35, '2024-12-09 00:08:25', '2024-12-09 00:08:25'),
(290, 1, 35, '2024-12-09 00:08:25', '2024-12-09 00:08:25'),
(291, 1, 35, '2024-12-09 00:08:25', '2024-12-09 00:08:25'),
(292, 2, 35, '2024-12-09 00:08:25', '2024-12-09 00:08:25'),
(293, 2, 35, '2024-12-09 00:08:25', '2024-12-09 00:08:25'),
(294, 2, 35, '2024-12-09 00:08:25', '2024-12-09 00:08:25'),
(295, 2, 35, '2024-12-09 00:08:25', '2024-12-09 00:08:25'),
(296, 2, 35, '2024-12-09 00:08:25', '2024-12-09 00:08:25'),
(297, 2, 35, '2024-12-09 00:08:25', '2024-12-09 00:08:25'),
(298, 2, 35, '2024-12-09 00:08:25', '2024-12-09 00:08:25'),
(299, 2, 35, '2024-12-09 00:08:25', '2024-12-09 00:08:25'),
(300, 2, 35, '2024-12-09 00:08:25', '2024-12-09 00:08:25'),
(301, 1, 42, '2024-12-09 00:08:25', '2024-12-09 00:08:25'),
(302, 1, 42, '2024-12-09 00:08:25', '2024-12-09 00:08:25'),
(303, 1, 42, '2024-12-09 00:08:25', '2024-12-09 00:08:25'),
(304, 1, 42, '2024-12-09 00:08:25', '2024-12-09 00:08:25'),
(305, 1, 42, '2024-12-09 00:08:25', '2024-12-09 00:08:25'),
(306, 1, 42, '2024-12-09 00:08:25', '2024-12-09 00:08:25'),
(307, 1, 42, '2024-12-09 00:08:25', '2024-12-09 00:08:25'),
(308, 1, 42, '2024-12-09 00:08:25', '2024-12-09 00:08:25'),
(309, 1, 42, '2024-12-09 00:08:25', '2024-12-09 00:08:25'),
(310, 1, 42, '2024-12-09 00:08:25', '2024-12-09 00:08:25'),
(311, 1, 42, '2024-12-09 00:08:25', '2024-12-09 00:08:25'),
(312, 1, 42, '2024-12-09 00:08:25', '2024-12-09 00:08:25'),
(313, 1, 42, '2024-12-09 00:08:25', '2024-12-09 00:08:25'),
(314, 2, 42, '2024-12-09 00:08:25', '2024-12-09 00:08:25'),
(315, 2, 42, '2024-12-09 00:08:25', '2024-12-09 00:08:25'),
(316, 2, 42, '2024-12-09 00:08:25', '2024-12-09 00:08:25'),
(317, 2, 42, '2024-12-09 00:08:25', '2024-12-09 00:08:25'),
(318, 2, 42, '2024-12-09 00:08:25', '2024-12-09 00:08:25'),
(319, 2, 42, '2024-12-09 00:08:25', '2024-12-09 00:08:25'),
(320, 2, 42, '2024-12-09 00:08:25', '2024-12-09 00:08:25'),
(321, 2, 42, '2024-12-09 00:08:25', '2024-12-09 00:08:25'),
(322, 2, 42, '2024-12-09 00:08:25', '2024-12-09 00:08:25'),
(323, 2, 42, '2024-12-09 00:08:25', '2024-12-09 00:08:25'),
(324, 2, 42, '2024-12-09 00:08:25', '2024-12-09 00:08:25'),
(325, 2, 42, '2024-12-09 00:08:25', '2024-12-09 00:08:25'),
(326, 2, 42, '2024-12-09 00:08:25', '2024-12-09 00:08:25'),
(327, 2, 42, '2024-12-09 00:08:25', '2024-12-09 00:08:25'),
(328, 1, 47, '2024-12-09 00:08:25', '2024-12-09 00:08:25'),
(329, 1, 47, '2024-12-09 00:08:25', '2024-12-09 00:08:25'),
(330, 1, 47, '2024-12-09 00:08:25', '2024-12-09 00:08:25'),
(331, 1, 47, '2024-12-09 00:08:25', '2024-12-09 00:08:25'),
(332, 1, 47, '2024-12-09 00:08:25', '2024-12-09 00:08:25'),
(333, 1, 47, '2024-12-09 00:08:25', '2024-12-09 00:08:25'),
(334, 2, 47, '2024-12-09 00:08:25', '2024-12-09 00:08:25'),
(335, 3, 47, '2024-12-09 00:08:25', '2024-12-09 00:08:25'),
(336, 4, 47, '2024-12-09 00:08:25', '2024-12-09 00:08:25'),
(337, 5, 47, '2024-12-09 00:08:25', '2024-12-09 00:08:25'),
(338, 6, 47, '2024-12-09 00:08:25', '2024-12-09 00:08:25'),
(339, 1, 52, '2024-12-09 00:08:25', '2024-12-09 00:08:25'),
(340, 1, 52, '2024-12-09 00:08:25', '2024-12-09 00:08:25'),
(341, 1, 52, '2024-12-09 00:08:25', '2024-12-09 00:08:25'),
(342, 1, 52, '2024-12-09 00:08:25', '2024-12-09 00:08:25'),
(343, 2, 52, '2024-12-09 00:08:25', '2024-12-09 00:08:25'),
(344, 2, 52, '2024-12-09 00:08:25', '2024-12-09 00:08:25'),
(345, 2, 52, '2024-12-09 00:08:25', '2024-12-09 00:08:25'),
(346, 2, 52, '2024-12-09 00:08:25', '2024-12-09 00:08:25'),
(347, 2, 52, '2024-12-09 00:08:25', '2024-12-09 00:08:25'),
(348, 2, 52, '2024-12-09 00:08:25', '2024-12-09 00:08:25'),
(349, 2, 52, '2024-12-09 00:08:25', '2024-12-09 00:08:25'),
(350, 2, 52, '2024-12-09 00:08:25', '2024-12-09 00:08:25'),
(351, 3, 52, '2024-12-09 00:08:25', '2024-12-09 00:08:25'),
(352, 3, 52, '2024-12-09 00:08:25', '2024-12-09 00:08:25'),
(353, 3, 52, '2024-12-09 00:08:25', '2024-12-09 00:08:25'),
(354, 3, 52, '2024-12-09 00:08:25', '2024-12-09 00:08:25'),
(355, 3, 52, '2024-12-09 00:08:25', '2024-12-09 00:08:25'),
(356, 3, 52, '2024-12-09 00:08:25', '2024-12-09 00:08:25'),
(357, 3, 52, '2024-12-09 00:08:25', '2024-12-09 00:08:25'),
(358, 4, 52, '2024-12-09 00:08:25', '2024-12-09 00:08:25'),
(359, 4, 52, '2024-12-09 00:08:25', '2024-12-09 00:08:25'),
(360, 4, 52, '2024-12-09 00:08:25', '2024-12-09 00:08:25'),
(361, 4, 52, '2024-12-09 00:08:25', '2024-12-09 00:08:25'),
(362, 4, 52, '2024-12-09 00:08:25', '2024-12-09 00:08:25'),
(363, 1, 56, '2024-12-09 00:08:25', '2024-12-09 00:08:25'),
(364, 1, 56, '2024-12-09 00:08:25', '2024-12-09 00:08:25'),
(365, 1, 56, '2024-12-09 00:08:25', '2024-12-09 00:08:25'),
(366, 1, 56, '2024-12-09 00:08:25', '2024-12-09 00:08:25'),
(367, 1, 56, '2024-12-09 00:08:25', '2024-12-09 00:08:25'),
(368, 1, 56, '2024-12-09 00:08:25', '2024-12-09 00:08:25'),
(369, 1, 56, '2024-12-09 00:08:25', '2024-12-09 00:08:25'),
(370, 1, 56, '2024-12-09 00:08:25', '2024-12-09 00:08:25'),
(371, 1, 56, '2024-12-09 00:08:25', '2024-12-09 00:08:25'),
(372, 1, 56, '2024-12-09 00:08:25', '2024-12-09 00:08:25'),
(373, 1, 56, '2024-12-09 00:08:25', '2024-12-09 00:08:25'),
(374, 1, 56, '2024-12-09 00:08:25', '2024-12-09 00:08:25'),
(375, 1, 56, '2024-12-09 00:08:25', '2024-12-09 00:08:25'),
(376, 1, 56, '2024-12-09 00:08:25', '2024-12-09 00:08:25'),
(377, 1, 56, '2024-12-09 00:08:25', '2024-12-09 00:08:25'),
(378, 1, 56, '2024-12-09 00:08:25', '2024-12-09 00:08:25'),
(379, 1, 56, '2024-12-09 00:08:25', '2024-12-09 00:08:25'),
(380, 1, 56, '2024-12-09 00:08:25', '2024-12-09 00:08:25'),
(381, 2, 56, '2024-12-09 00:08:25', '2024-12-09 00:08:25'),
(382, 2, 56, '2024-12-09 00:08:25', '2024-12-09 00:08:25'),
(383, 2, 56, '2024-12-09 00:08:25', '2024-12-09 00:08:25'),
(384, 2, 56, '2024-12-09 00:08:25', '2024-12-09 00:08:25'),
(385, 2, 56, '2024-12-09 00:08:25', '2024-12-09 00:08:25'),
(386, 2, 56, '2024-12-09 00:08:25', '2024-12-09 00:08:25'),
(387, 2, 56, '2024-12-09 00:08:25', '2024-12-09 00:08:25'),
(388, 2, 56, '2024-12-09 00:08:25', '2024-12-09 00:08:25'),
(389, 2, 56, '2024-12-09 00:08:25', '2024-12-09 00:08:25'),
(390, 2, 56, '2024-12-09 00:08:25', '2024-12-09 00:08:25'),
(391, 2, 56, '2024-12-09 00:08:25', '2024-12-09 00:08:25'),
(392, 2, 56, '2024-12-09 00:08:25', '2024-12-09 00:08:25'),
(393, 2, 56, '2024-12-09 00:08:25', '2024-12-09 00:08:25'),
(394, 2, 56, '2024-12-09 00:08:25', '2024-12-09 00:08:25'),
(395, 2, 56, '2024-12-09 00:08:25', '2024-12-09 00:08:25');

-- --------------------------------------------------------

--
-- Structure de la table `commoudepts`
--

CREATE TABLE `commoudepts` (
  `id` bigint(20) UNSIGNED NOT NULL,
  `commoudept` varchar(255) COLLATE utf8mb4_unicode_ci NOT NULL,
  `province_id` bigint(20) UNSIGNED NOT NULL,
  `created_at` timestamp NULL DEFAULT NULL,
  `updated_at` timestamp NULL DEFAULT NULL
) ENGINE=InnoDB DEFAULT CHARSET=utf8mb4 COLLATE=utf8mb4_unicode_ci;

--
-- Déchargement des données de la table `commoudepts`
--

INSERT INTO `commoudepts` (`id`, `commoudept`, `province_id`, `created_at`, `updated_at`) VALUES
(1, 'Commune de Libreville', 1, '2024-12-08 23:39:43', '2024-12-08 23:39:43'),
(2, 'Commune d\'Akanda', 1, '2024-12-08 23:39:43', '2024-12-08 23:39:43'),
(3, 'Commune d\'Owendo', 1, '2024-12-08 23:39:43', '2024-12-08 23:39:43'),
(4, 'Commune de NTOUM', 1, '2024-12-08 23:39:43', '2024-12-08 23:39:43'),
(5, 'Departement du Komo-Mondah', 1, '2024-12-08 23:39:43', '2024-12-08 23:39:43'),
(6, 'Departement du Komo-Ocean', 1, '2024-12-08 23:39:43', '2024-12-08 23:39:43'),
(7, 'Departement du Komo', 1, '2024-12-08 23:39:43', '2024-12-08 23:39:43'),
(8, 'Departement de la Noya', 1, '2024-12-08 23:39:43', '2024-12-08 23:39:43'),
(9, 'Commune de Franceville', 2, '2024-12-08 23:39:43', '2024-12-08 23:39:43'),
(10, 'Departement de la Passa', 2, '2024-12-08 23:39:43', '2024-12-08 23:39:43'),
(11, 'Departement de la Lébombi-Léyou', 2, '2024-12-08 23:39:43', '2024-12-08 23:39:43'),
(12, 'Commune de Moanda', 2, '2024-12-08 23:39:43', '2024-12-08 23:39:43'),
(13, 'Departement de Lekoko', 2, '2024-12-08 23:39:43', '2024-12-08 23:39:43'),
(14, 'Departement de Lékoni-Lékori', 2, '2024-12-08 23:39:43', '2024-12-08 23:39:43'),
(15, 'Departement des Plateaux', 2, '2024-12-08 23:39:43', '2024-12-08 23:39:43'),
(16, 'Departement de Sébé-Bricolo', 2, '2024-12-08 23:39:43', '2024-12-08 23:39:43'),
(17, 'Departement de Djouori-Agnili', 2, '2024-12-08 23:39:43', '2024-12-08 23:39:43'),
(18, 'Departement de Djoué', 2, '2024-12-08 23:39:43', '2024-12-08 23:39:43'),
(19, 'Departement de Lékabi-Lewolo', 2, '2024-12-08 23:39:43', '2024-12-08 23:39:43'),
(20, 'Departement de l\'Ogooué-Létili', 2, '2024-12-08 23:39:43', '2024-12-08 23:39:43'),
(21, 'Departement de la Bayi-Brilolo', 2, '2024-12-08 23:39:43', '2024-12-08 23:39:43'),
(22, 'Commune de Lambaréné', 3, '2024-12-08 23:39:43', '2024-12-08 23:39:43'),
(23, 'Departement de l\'Ogooué et des Lacs', 3, '2024-12-08 23:39:43', '2024-12-08 23:39:43'),
(24, 'Departement de l\'Abanga-Bigné', 3, '2024-12-08 23:39:43', '2024-12-08 23:39:43'),
(25, 'Commune de Mouila', 4, '2024-12-08 23:39:43', '2024-12-08 23:39:43'),
(26, 'Departement de la Douya-Onoye', 4, '2024-12-08 23:39:43', '2024-12-08 23:39:43'),
(27, 'Departement de Mougalaba', 4, '2024-12-08 23:39:43', '2024-12-08 23:39:43'),
(28, 'Departement de tsamba-Magotsi', 4, '2024-12-08 23:39:43', '2024-12-08 23:39:43'),
(29, 'Departement de Boumi-Louétsi', 4, '2024-12-08 23:39:43', '2024-12-08 23:39:43'),
(30, 'Departement de l\'Ogoulou', 4, '2024-12-08 23:39:43', '2024-12-08 23:39:43'),
(31, 'Departement de Ndolou', 4, '2024-12-08 23:39:43', '2024-12-08 23:39:43'),
(32, 'Departement de la Dola', 4, '2024-12-08 23:39:43', '2024-12-08 23:39:43'),
(33, 'Departement de Louétsi-Wano', 4, '2024-12-08 23:39:43', '2024-12-08 23:39:43'),
(34, 'Departement de Louétsi-Bibaka', 4, '2024-12-08 23:39:43', '2024-12-08 23:39:43'),
(35, 'Commune de Tchibanga ', 5, '2024-12-08 23:39:43', '2024-12-08 23:39:43'),
(36, 'Département de Mougoutsi ', 5, '2024-12-08 23:39:43', '2024-12-08 23:39:43'),
(37, 'Département de Douigny ', 5, '2024-12-08 23:39:43', '2024-12-08 23:39:43'),
(38, 'Département de la Basse-Banio ', 5, '2024-12-08 23:39:43', '2024-12-08 23:39:43'),
(39, 'Département de la Haute-Banio ', 5, '2024-12-08 23:39:43', '2024-12-08 23:39:43'),
(40, 'Département de Doutsila ', 5, '2024-12-08 23:39:43', '2024-12-08 23:39:43'),
(41, 'Département de Mongo ', 5, '2024-12-08 23:39:43', '2024-12-08 23:39:43'),
(42, 'Commune de Makokou ', 6, '2024-12-08 23:39:43', '2024-12-08 23:39:43'),
(43, 'Département de l’Ivindo ', 6, '2024-12-08 23:39:43', '2024-12-08 23:39:43'),
(44, 'Département de la Zadié ', 6, '2024-12-08 23:39:43', '2024-12-08 23:39:43'),
(45, 'Département de la Lopé ', 6, '2024-12-08 23:39:43', '2024-12-08 23:39:43'),
(46, 'Département de la Mvoung ', 6, '2024-12-08 23:39:43', '2024-12-08 23:39:43'),
(47, 'Commune de Koula-Moutou', 7, '2024-12-08 23:39:43', '2024-12-08 23:39:43'),
(48, 'Departement de Lolo-Bouénguidi', 7, '2024-12-08 23:39:43', '2024-12-08 23:39:43'),
(49, 'Departement de Mulundu', 7, '2024-12-08 23:39:43', '2024-12-08 23:39:43'),
(50, 'Departement de Lombo-Bouenguidi', 7, '2024-12-08 23:39:43', '2024-12-08 23:39:43'),
(51, 'Departement de l\'Offoué-Onoye', 7, '2024-12-08 23:39:43', '2024-12-08 23:39:43'),
(52, 'Commune de Port-Gentil', 8, '2024-12-08 23:39:43', '2024-12-08 23:39:43'),
(53, 'Deparrtement de Bendjé', 8, '2024-12-08 23:39:43', '2024-12-08 23:39:43'),
(54, 'Departement d\'Etimboué', 8, '2024-12-08 23:39:43', '2024-12-08 23:39:43'),
(55, 'Departement de Ndougou ', 8, '2024-12-08 23:39:43', '2024-12-08 23:39:43'),
(56, 'Commune d\'Oyem', 9, '2024-12-08 23:39:43', '2024-12-08 23:39:43'),
(57, 'Departement du Woleu', 9, '2024-12-08 23:39:43', '2024-12-08 23:39:43'),
(58, 'Departement du Ntem', 9, '2024-12-08 23:39:43', '2024-12-08 23:39:43'),
(59, 'Departement du Haut-Ntem', 9, '2024-12-08 23:39:43', '2024-12-08 23:39:43'),
(60, 'Departement de l\'Okano', 9, '2024-12-08 23:39:43', '2024-12-08 23:39:43'),
(61, 'Departement du Haut-Como', 9, '2024-12-08 23:39:43', '2024-12-08 23:39:43');

-- --------------------------------------------------------

--
-- Structure de la table `electeurs`
--

CREATE TABLE `electeurs` (
  `id` bigint(20) UNSIGNED NOT NULL,
  `nip_ipn` varchar(255) COLLATE utf8mb4_unicode_ci NOT NULL,
  `nom` varchar(255) COLLATE utf8mb4_unicode_ci NOT NULL,
  `prenom` varchar(255) COLLATE utf8mb4_unicode_ci NOT NULL,
  `date_naiss` varchar(255) COLLATE utf8mb4_unicode_ci NOT NULL,
  `lieu_naiss` varchar(255) COLLATE utf8mb4_unicode_ci NOT NULL,
  `centrevote_id` bigint(20) UNSIGNED NOT NULL,
  `created_at` timestamp NULL DEFAULT NULL,
  `updated_at` timestamp NULL DEFAULT NULL,
  `province` varchar(255) COLLATE utf8mb4_unicode_ci NOT NULL,
  `commoudept` varchar(255) COLLATE utf8mb4_unicode_ci NOT NULL,
  `arrondissement` varchar(255) COLLATE utf8mb4_unicode_ci DEFAULT NULL,
  `siege` varchar(255) COLLATE utf8mb4_unicode_ci DEFAULT NULL
) ENGINE=InnoDB DEFAULT CHARSET=utf8mb4 COLLATE=utf8mb4_unicode_ci;

--
-- Déchargement des données de la table `electeurs`
--

INSERT INTO `electeurs` (`id`, `nip_ipn`, `nom`, `prenom`, `date_naiss`, `lieu_naiss`, `centrevote_id`, `created_at`, `updated_at`, `province`, `commoudept`, `arrondissement`, `siege`) VALUES
(1, '149620040451', 'FALL', 'MODOU', '1998-02-02', 'Dakar', 1, '2024-12-04 17:16:27', '2024-12-04 17:16:27', '', '', NULL, NULL),
(2, '149620040459', 'Ndiaye', 'Ibra', '2024-12-04', 'Dakar', 1, '2024-12-05 21:12:54', '2024-12-05 21:12:54', 'PROVINCE DE L’ESTUAIRE', 'Commune de Libreville', '1er  arrondissement', '1 siege');

-- --------------------------------------------------------

--
-- Structure de la table `failed_jobs`
--

CREATE TABLE `failed_jobs` (
  `id` bigint(20) UNSIGNED NOT NULL,
  `uuid` varchar(255) COLLATE utf8mb4_unicode_ci NOT NULL,
  `connection` text COLLATE utf8mb4_unicode_ci NOT NULL,
  `queue` text COLLATE utf8mb4_unicode_ci NOT NULL,
  `payload` longtext COLLATE utf8mb4_unicode_ci NOT NULL,
  `exception` longtext COLLATE utf8mb4_unicode_ci NOT NULL,
  `failed_at` timestamp NOT NULL DEFAULT current_timestamp()
) ENGINE=InnoDB DEFAULT CHARSET=utf8mb4 COLLATE=utf8mb4_unicode_ci;

-- --------------------------------------------------------

--
-- Structure de la table `identifications`
--

CREATE TABLE `identifications` (
  `id` bigint(20) UNSIGNED NOT NULL,
  `profession` varchar(255) COLLATE utf8mb4_unicode_ci NOT NULL,
  `tel` varchar(255) COLLATE utf8mb4_unicode_ci NOT NULL,
  `type_piece` varchar(255) COLLATE utf8mb4_unicode_ci NOT NULL,
  `num_piece` varchar(255) COLLATE utf8mb4_unicode_ci NOT NULL,
  `created_at` timestamp NULL DEFAULT NULL,
  `updated_at` timestamp NULL DEFAULT NULL,
  `prenom` varchar(255) COLLATE utf8mb4_unicode_ci NOT NULL,
  `nom` varchar(255) COLLATE utf8mb4_unicode_ci NOT NULL,
  `lieunaiss` varchar(255) COLLATE utf8mb4_unicode_ci NOT NULL,
  `datenaiss` date NOT NULL,
  `nip` varchar(255) COLLATE utf8mb4_unicode_ci NOT NULL,
  `domicile` varchar(255) COLLATE utf8mb4_unicode_ci NOT NULL,
  `arrondissement_id` bigint(20) UNSIGNED DEFAULT NULL,
  `commoudept_id` bigint(20) UNSIGNED NOT NULL,
  `province_id` bigint(20) UNSIGNED NOT NULL
) ENGINE=InnoDB DEFAULT CHARSET=utf8mb4 COLLATE=utf8mb4_unicode_ci;

-- --------------------------------------------------------

--
-- Structure de la table `inscriptions`
--

CREATE TABLE `inscriptions` (
  `id` bigint(20) UNSIGNED NOT NULL,
  `centrevote_id` bigint(20) UNSIGNED NOT NULL,
  `created_at` timestamp NULL DEFAULT NULL,
  `updated_at` timestamp NULL DEFAULT NULL,
  `identification_id` bigint(20) UNSIGNED NOT NULL
) ENGINE=InnoDB DEFAULT CHARSET=utf8mb4 COLLATE=utf8mb4_unicode_ci;

-- --------------------------------------------------------

--
-- Structure de la table `migrations`
--

CREATE TABLE `migrations` (
  `id` int(10) UNSIGNED NOT NULL,
  `migration` varchar(255) COLLATE utf8mb4_unicode_ci NOT NULL,
  `batch` int(11) NOT NULL
) ENGINE=InnoDB DEFAULT CHARSET=utf8mb4 COLLATE=utf8mb4_unicode_ci;

--
-- Déchargement des données de la table `migrations`
--

INSERT INTO `migrations` (`id`, `migration`, `batch`) VALUES
(4, '2024_12_03_103437_create_provinces_table', 1),
(5, '2024_12_03_103520_create_commoudepts_table', 1),
(6, '2024_12_03_103543_create_arrondissements_table', 1),
(7, '2024_12_03_103557_create_sieges_table', 1),
(8, '2024_12_03_103612_create_centrevotes_table', 1),
(9, '2024_12_03_105541_add_column_to_commoudepts_table', 1),
(10, '2024_12_04_114027_add_column_in_to_centrevotes_table', 2),
(11, '2024_12_04_163216_create_electeurs_table', 3),
(12, '2014_10_12_000000_create_users_table', 4),
(13, '2014_10_12_100000_create_password_reset_tokens_table', 4),
(14, '2019_08_19_000000_create_failed_jobs_table', 4),
(15, '2019_12_14_000001_create_personal_access_tokens_table', 4),
(16, '2024_12_05_094748_update_table_add_column_to_elections_table', 4),
(17, '2024_12_05_131143_create_identifications_table', 4),
(18, '2024_12_05_140642_create_changements_table', 4),
(19, '2014_10_12_100000_create_password_resets_table', 5),
(20, '2024_12_06_094914_create_inscriptions_table', 5),
(21, '2024_12_06_111002_add_column_to_identifications_table', 5),
(22, '2024_12_06_112941_add_column_nip_to_identifications_table', 5),
(23, '2024_12_06_113636_add_column_domicile_to_identifications_table', 5),
(24, '2024_12_06_120147_create_commet_arrondissements_table', 5),
(25, '2024_12_06_214415_add_and_drop_column_to_identifications_table', 6),
(26, '2024_12_07_012149_add_column_to_inscriptions_table', 7);

-- --------------------------------------------------------

--
-- Structure de la table `password_resets`
--

CREATE TABLE `password_resets` (
  `email` varchar(255) COLLATE utf8mb4_unicode_ci NOT NULL,
  `token` varchar(255) COLLATE utf8mb4_unicode_ci NOT NULL,
  `created_at` timestamp NULL DEFAULT NULL
) ENGINE=InnoDB DEFAULT CHARSET=utf8mb4 COLLATE=utf8mb4_unicode_ci;

-- --------------------------------------------------------

--
-- Structure de la table `password_reset_tokens`
--

CREATE TABLE `password_reset_tokens` (
  `email` varchar(255) COLLATE utf8mb4_unicode_ci NOT NULL,
  `token` varchar(255) COLLATE utf8mb4_unicode_ci NOT NULL,
  `created_at` timestamp NULL DEFAULT NULL
) ENGINE=InnoDB DEFAULT CHARSET=utf8mb4 COLLATE=utf8mb4_unicode_ci;

-- --------------------------------------------------------

--
-- Structure de la table `personal_access_tokens`
--

CREATE TABLE `personal_access_tokens` (
  `id` bigint(20) UNSIGNED NOT NULL,
  `tokenable_type` varchar(255) COLLATE utf8mb4_unicode_ci NOT NULL,
  `tokenable_id` bigint(20) UNSIGNED NOT NULL,
  `name` varchar(255) COLLATE utf8mb4_unicode_ci NOT NULL,
  `token` varchar(64) COLLATE utf8mb4_unicode_ci NOT NULL,
  `abilities` text COLLATE utf8mb4_unicode_ci DEFAULT NULL,
  `last_used_at` timestamp NULL DEFAULT NULL,
  `expires_at` timestamp NULL DEFAULT NULL,
  `created_at` timestamp NULL DEFAULT NULL,
  `updated_at` timestamp NULL DEFAULT NULL
) ENGINE=InnoDB DEFAULT CHARSET=utf8mb4 COLLATE=utf8mb4_unicode_ci;

-- --------------------------------------------------------

--
-- Structure de la table `provinces`
--

CREATE TABLE `provinces` (
  `id` bigint(20) UNSIGNED NOT NULL,
  `province` varchar(255) COLLATE utf8mb4_unicode_ci NOT NULL,
  `created_at` timestamp NULL DEFAULT NULL,
  `updated_at` timestamp NULL DEFAULT NULL
) ENGINE=InnoDB DEFAULT CHARSET=utf8mb4 COLLATE=utf8mb4_unicode_ci;

--
-- Déchargement des données de la table `provinces`
--

INSERT INTO `provinces` (`id`, `province`, `created_at`, `updated_at`) VALUES
(1, 'PROVINCE DE L’ESTUAIRE', NULL, NULL),
(2, 'PROVINCE DU HAUT-OGOOUE', NULL, NULL),
(3, 'PROVINCE DU MOYEN-OGOOUE', NULL, NULL),
(4, 'PROVINCE DE LA NGOUNIE', NULL, NULL),
(5, 'PROVINCE DE LA NYANGA', NULL, NULL),
(6, 'PROVINCE DE L\'OGOOUE-IVINDO', NULL, NULL),
(7, 'PROVINCE DE L\'OGOOUE-LOLO', NULL, NULL),
(8, 'PROVINCE DE L\'OGOOUE-MARITIME', NULL, NULL),
(9, 'PROVINCE DU WOLEU-NTEM', NULL, NULL);

-- --------------------------------------------------------

--
-- Structure de la table `sieges`
--

CREATE TABLE `sieges` (
  `id` bigint(20) UNSIGNED NOT NULL,
  `siege` varchar(255) COLLATE utf8mb4_unicode_ci NOT NULL,
  `created_at` timestamp NULL DEFAULT NULL,
  `updated_at` timestamp NULL DEFAULT NULL
) ENGINE=InnoDB DEFAULT CHARSET=utf8mb4 COLLATE=utf8mb4_unicode_ci;

--
-- Déchargement des données de la table `sieges`
--

INSERT INTO `sieges` (`id`, `siege`, `created_at`, `updated_at`) VALUES
(1, '1 siege', NULL, NULL),
(2, '2 siege', NULL, NULL),
(3, '3siege', NULL, NULL),
(4, '4siege', NULL, NULL),
(5, '5siege', NULL, NULL);

-- --------------------------------------------------------

--
-- Structure de la table `users`
--

CREATE TABLE `users` (
  `id` bigint(20) UNSIGNED NOT NULL,
  `name` varchar(255) COLLATE utf8mb4_unicode_ci NOT NULL,
  `email` varchar(255) COLLATE utf8mb4_unicode_ci NOT NULL,
  `email_verified_at` timestamp NULL DEFAULT NULL,
  `password` varchar(255) COLLATE utf8mb4_unicode_ci NOT NULL,
  `remember_token` varchar(100) COLLATE utf8mb4_unicode_ci DEFAULT NULL,
  `created_at` timestamp NULL DEFAULT NULL,
  `updated_at` timestamp NULL DEFAULT NULL
) ENGINE=InnoDB DEFAULT CHARSET=utf8mb4 COLLATE=utf8mb4_unicode_ci;

--
-- Déchargement des données de la table `users`
--

INSERT INTO `users` (`id`, `name`, `email`, `email_verified_at`, `password`, `remember_token`, `created_at`, `updated_at`) VALUES
(1, 'Ibra Ndiaye', 'ibra789ndiaye@gmail.com', NULL, '$2y$12$sjCncFdxe6nwLQXok04O4usdy.Lx7SQjHGL53G.kNwb6HfHZKejq2', NULL, '2024-12-08 22:50:06', '2024-12-08 22:50:06');

--
-- Index pour les tables déchargées
--

--
-- Index pour la table `arrondissements`
--
ALTER TABLE `arrondissements`
  ADD PRIMARY KEY (`id`);

--
-- Index pour la table `centrevotes`
--
ALTER TABLE `centrevotes`
  ADD PRIMARY KEY (`id`),
  ADD KEY `centrevotes_province_id_foreign` (`province_id`),
  ADD KEY `centrevotes_siege_id_foreign` (`siege_id`),
  ADD KEY `centrevotes_commoudept_id_foreign` (`commoudept_id`),
  ADD KEY `centrevotes_arrondissement_id_foreign` (`arrondissement_id`);

--
-- Index pour la table `changements`
--
ALTER TABLE `changements`
  ADD PRIMARY KEY (`id`),
  ADD KEY `changements_identification_id_index` (`identification_id`),
  ADD KEY `changements_electeur_id_index` (`electeur_id`),
  ADD KEY `changements_centrevote_id_index` (`centrevote_id`);

--
-- Index pour la table `commet_arrondissements`
--
ALTER TABLE `commet_arrondissements`
  ADD PRIMARY KEY (`id`),
  ADD KEY `commet_arrondissements_arrondissement_id_foreign` (`arrondissement_id`),
  ADD KEY `commet_arrondissements_commoudept_id_foreign` (`commoudept_id`);

--
-- Index pour la table `commoudepts`
--
ALTER TABLE `commoudepts`
  ADD PRIMARY KEY (`id`),
  ADD KEY `commoudepts_province_id_foreign` (`province_id`);

--
-- Index pour la table `electeurs`
--
ALTER TABLE `electeurs`
  ADD PRIMARY KEY (`id`),
  ADD KEY `electeurs_centrevote_id_index` (`centrevote_id`),
  ADD KEY `electeurs_nom_index` (`nom`),
  ADD KEY `electeurs_prenom_index` (`prenom`),
  ADD KEY `electeurs_date_naiss_index` (`date_naiss`);

--
-- Index pour la table `failed_jobs`
--
ALTER TABLE `failed_jobs`
  ADD PRIMARY KEY (`id`),
  ADD UNIQUE KEY `failed_jobs_uuid_unique` (`uuid`);

--
-- Index pour la table `identifications`
--
ALTER TABLE `identifications`
  ADD PRIMARY KEY (`id`),
  ADD KEY `identifications_arrondissement_id_index` (`arrondissement_id`),
  ADD KEY `identifications_commoudept_id_index` (`commoudept_id`),
  ADD KEY `identifications_province_id_index` (`province_id`);

--
-- Index pour la table `inscriptions`
--
ALTER TABLE `inscriptions`
  ADD PRIMARY KEY (`id`),
  ADD KEY `inscriptions_centrevote_id_foreign` (`centrevote_id`),
  ADD KEY `inscriptions_identification_id_index` (`identification_id`);

--
-- Index pour la table `migrations`
--
ALTER TABLE `migrations`
  ADD PRIMARY KEY (`id`);

--
-- Index pour la table `password_resets`
--
ALTER TABLE `password_resets`
  ADD KEY `password_resets_email_index` (`email`);

--
-- Index pour la table `password_reset_tokens`
--
ALTER TABLE `password_reset_tokens`
  ADD PRIMARY KEY (`email`);

--
-- Index pour la table `personal_access_tokens`
--
ALTER TABLE `personal_access_tokens`
  ADD PRIMARY KEY (`id`),
  ADD UNIQUE KEY `personal_access_tokens_token_unique` (`token`),
  ADD KEY `personal_access_tokens_tokenable_type_tokenable_id_index` (`tokenable_type`,`tokenable_id`);

--
-- Index pour la table `provinces`
--
ALTER TABLE `provinces`
  ADD PRIMARY KEY (`id`);

--
-- Index pour la table `sieges`
--
ALTER TABLE `sieges`
  ADD PRIMARY KEY (`id`);

--
-- Index pour la table `users`
--
ALTER TABLE `users`
  ADD PRIMARY KEY (`id`),
  ADD UNIQUE KEY `users_email_unique` (`email`);

--
-- AUTO_INCREMENT pour les tables déchargées
--

--
-- AUTO_INCREMENT pour la table `arrondissements`
--
ALTER TABLE `arrondissements`
  MODIFY `id` bigint(20) UNSIGNED NOT NULL AUTO_INCREMENT, AUTO_INCREMENT=7;

--
-- AUTO_INCREMENT pour la table `centrevotes`
--
ALTER TABLE `centrevotes`
  MODIFY `id` bigint(20) UNSIGNED NOT NULL AUTO_INCREMENT, AUTO_INCREMENT=1842;

--
-- AUTO_INCREMENT pour la table `changements`
--
ALTER TABLE `changements`
  MODIFY `id` bigint(20) UNSIGNED NOT NULL AUTO_INCREMENT;

--
-- AUTO_INCREMENT pour la table `commet_arrondissements`
--
ALTER TABLE `commet_arrondissements`
  MODIFY `id` bigint(20) UNSIGNED NOT NULL AUTO_INCREMENT, AUTO_INCREMENT=396;

--
-- AUTO_INCREMENT pour la table `commoudepts`
--
ALTER TABLE `commoudepts`
  MODIFY `id` bigint(20) UNSIGNED NOT NULL AUTO_INCREMENT, AUTO_INCREMENT=62;

--
-- AUTO_INCREMENT pour la table `electeurs`
--
ALTER TABLE `electeurs`
  MODIFY `id` bigint(20) UNSIGNED NOT NULL AUTO_INCREMENT, AUTO_INCREMENT=3;

--
-- AUTO_INCREMENT pour la table `failed_jobs`
--
ALTER TABLE `failed_jobs`
  MODIFY `id` bigint(20) UNSIGNED NOT NULL AUTO_INCREMENT;

--
-- AUTO_INCREMENT pour la table `identifications`
--
ALTER TABLE `identifications`
  MODIFY `id` bigint(20) UNSIGNED NOT NULL AUTO_INCREMENT;

--
-- AUTO_INCREMENT pour la table `inscriptions`
--
ALTER TABLE `inscriptions`
  MODIFY `id` bigint(20) UNSIGNED NOT NULL AUTO_INCREMENT;

--
-- AUTO_INCREMENT pour la table `migrations`
--
ALTER TABLE `migrations`
  MODIFY `id` int(10) UNSIGNED NOT NULL AUTO_INCREMENT, AUTO_INCREMENT=27;

--
-- AUTO_INCREMENT pour la table `personal_access_tokens`
--
ALTER TABLE `personal_access_tokens`
  MODIFY `id` bigint(20) UNSIGNED NOT NULL AUTO_INCREMENT;

--
-- AUTO_INCREMENT pour la table `provinces`
--
ALTER TABLE `provinces`
  MODIFY `id` bigint(20) UNSIGNED NOT NULL AUTO_INCREMENT, AUTO_INCREMENT=10;

--
-- AUTO_INCREMENT pour la table `sieges`
--
ALTER TABLE `sieges`
  MODIFY `id` bigint(20) UNSIGNED NOT NULL AUTO_INCREMENT, AUTO_INCREMENT=6;

--
-- AUTO_INCREMENT pour la table `users`
--
ALTER TABLE `users`
  MODIFY `id` bigint(20) UNSIGNED NOT NULL AUTO_INCREMENT, AUTO_INCREMENT=2;

--
-- Contraintes pour les tables déchargées
--

--
-- Contraintes pour la table `centrevotes`
--
ALTER TABLE `centrevotes`
  ADD CONSTRAINT `centrevotes_arrondissement_id_foreign` FOREIGN KEY (`arrondissement_id`) REFERENCES `arrondissements` (`id`) ON DELETE CASCADE,
  ADD CONSTRAINT `centrevotes_commoudept_id_foreign` FOREIGN KEY (`commoudept_id`) REFERENCES `commoudepts` (`id`) ON DELETE CASCADE,
  ADD CONSTRAINT `centrevotes_province_id_foreign` FOREIGN KEY (`province_id`) REFERENCES `provinces` (`id`) ON DELETE CASCADE,
  ADD CONSTRAINT `centrevotes_siege_id_foreign` FOREIGN KEY (`siege_id`) REFERENCES `sieges` (`id`) ON DELETE CASCADE;

--
-- Contraintes pour la table `changements`
--
ALTER TABLE `changements`
  ADD CONSTRAINT `changements_centrevote_id_foreign` FOREIGN KEY (`centrevote_id`) REFERENCES `centrevotes` (`id`) ON DELETE CASCADE,
  ADD CONSTRAINT `changements_electeur_id_foreign` FOREIGN KEY (`electeur_id`) REFERENCES `electeurs` (`id`) ON DELETE CASCADE,
  ADD CONSTRAINT `changements_identification_id_foreign` FOREIGN KEY (`identification_id`) REFERENCES `identifications` (`id`) ON DELETE CASCADE;

--
-- Contraintes pour la table `commet_arrondissements`
--
ALTER TABLE `commet_arrondissements`
  ADD CONSTRAINT `commet_arrondissements_arrondissement_id_foreign` FOREIGN KEY (`arrondissement_id`) REFERENCES `arrondissements` (`id`),
  ADD CONSTRAINT `commet_arrondissements_commoudept_id_foreign` FOREIGN KEY (`commoudept_id`) REFERENCES `commoudepts` (`id`);

--
-- Contraintes pour la table `commoudepts`
--
ALTER TABLE `commoudepts`
  ADD CONSTRAINT `commoudepts_province_id_foreign` FOREIGN KEY (`province_id`) REFERENCES `provinces` (`id`) ON DELETE CASCADE;

--
-- Contraintes pour la table `electeurs`
--
ALTER TABLE `electeurs`
  ADD CONSTRAINT `electeurs_centrevote_id_foreign` FOREIGN KEY (`centrevote_id`) REFERENCES `centrevotes` (`id`) ON DELETE CASCADE;

--
-- Contraintes pour la table `identifications`
--
ALTER TABLE `identifications`
  ADD CONSTRAINT `identifications_arrondissement_id_foreign` FOREIGN KEY (`arrondissement_id`) REFERENCES `arrondissements` (`id`),
  ADD CONSTRAINT `identifications_commoudept_id_foreign` FOREIGN KEY (`commoudept_id`) REFERENCES `commoudepts` (`id`),
  ADD CONSTRAINT `identifications_province_id_foreign` FOREIGN KEY (`province_id`) REFERENCES `provinces` (`id`) ON DELETE CASCADE;

--
-- Contraintes pour la table `inscriptions`
--
ALTER TABLE `inscriptions`
  ADD CONSTRAINT `inscriptions_centrevote_id_foreign` FOREIGN KEY (`centrevote_id`) REFERENCES `centrevotes` (`id`),
  ADD CONSTRAINT `inscriptions_identification_id_foreign` FOREIGN KEY (`identification_id`) REFERENCES `identifications` (`id`) ON DELETE CASCADE;
COMMIT;

/*!40101 SET CHARACTER_SET_CLIENT=@OLD_CHARACTER_SET_CLIENT */;
/*!40101 SET CHARACTER_SET_RESULTS=@OLD_CHARACTER_SET_RESULTS */;
/*!40101 SET COLLATION_CONNECTION=@OLD_COLLATION_CONNECTION */;
